symbol,decision_ts,entry_ts,exit_ts,side,qty,entry_price,exit_price,stop_initial,stop_final,take_profit,leverage,margin,liq_price,entry_fee,exit_fee,funding,gross_pnl,net_pnl,planned_loss,r_multiple,exit_reason,bars_held,tag,equity_after
XRPUSDT,1688270400000,1688270400000,1688553000000,1,19.5,0.4935987,0.4689062,0.4692,0.4692,,9.57,1.0057653761755485,0.44476046118625395,0.0052938460575,0.0050290189950000005,0.009464130000000001,-0.4815037500000001,-0.5012907450525002,0.4898555809874999,-1.0233439497452457,stop,19,breakout,24.477287501473597
DOGEUSDT,1688184000000,1688184000000,1688553000000,1,97.0,0.06958391400000001,0.06574684800000001,0.06455,0.06585,,6.54,1.032054993577982,0.059504322305865144,0.003712301811900001,0.003507594340800001,0.008607489000000001,-0.372195402,-0.38802278715270005,0.4980479002435014,-0.7790872865099747,stop,25,breakout,24.1015845051328
SANDUSDT,1688256000000,1688256000000,1688553000000,1,13.0,0.46349268,0.425424898,0.42668,0.42668,,5.9,1.0212550576271187,0.3898244464180678,0.0033139726620000005,0.0030417880207000004,0.00578799,-0.49488116599999993,-0.5070249166826999,0.48724402362999986,-1.0405975078059062,stop,20,breakout,23.603661551112097
AVAXUSDT,1688875200000,1688875200000,1688948100000,1,0.5,14.067813,13.251099250000001,13.255,13.255,,8.14,0.8641162776412775,12.441572088967446,0.003868648575,0.0036440522937500005,0.00029890470000000003,-0.40835687499999906,-0.41616848056874906,0.41665255487499925,-0.9988381823162097,stop,5,breakout,23.187493070543347
SANDUSDT,1688961600000,1688961600000,1689019200000,-1,23.0,0.40461906000000003,0.42178434000000004,0.42368,0.42368,,9.54,0.9754966855345912,0.4427632282880692,0.0051184311090000005,0.005335571901,0.0027269734259999998,-0.3948014400000001,-0.4079824164360001,0.45268977878499933,-0.9012406189753346,channel_exit,4,breakout,22.779510654107348
ADAUSDT,1689264000000,1689264000000,1689354900000,1,17.0,0.31146228,0.33288341,0.2973,0.3332,,10.1,0.5242434415841584,0.2831317018490495,0.002912172318,0.0031124598835000003,0.00179588,0.3641592100000002,0.35633869779850014,0.24852047906999952,1.4338403785956488,stop,6,breakout,23.12465526354185
LINKUSDT,1689249600000,1689249600000,1689359400000,1,1.8,6.4492896,6.7306536,6.21,6.748,,12.27,0.9461060537897311,5.970432475272372,0.0063847967040000005,0.006663347064000001,0.00480929166,0.5064551999999999,0.4885977645719998,0.44781132096000037,1.0910795277005572,stop,7,breakout,23.62444711647785
LINKUSDT,1689840000000,1689840000000,1690170300000,1,0.9,7.4274852,7.68121345,6.935,7.686,,7.14,0.9362376302521008,6.441070434086555,0.003676605174,0.0038022006577500007,0.005282351262000001,0.2283554250000008,0.2155942679062508,0.45293135751,0.4759976635123807,stop,22,breakout,23.842861091321105
AAVEUSDT,1689667200000,1689667200000,1690412400000,-1,0.08,72.655466,73.019601,78.43,72.8,,5.98,0.9719794782608695,84.22033297696086,0.0031968405040000004,0.0032128624440000003,-0.013350104096,-0.029130799999999228,-0.022190398851999228,0.47102784796000025,-0.047110587936795706,stop,51,breakout,23.81673556135851
AVAXUSDT,1690070400000,1690070400000,1690686000000,-1,0.7,13.507298,13.3416678,14.166,13.337,,9.54,0.9911015303983228,14.825229418640463,0.00520030973,0.005136542103,-0.016292169005,0.1159411400000005,0.12189645717200048,0.4756198814499999,0.2562896588771279,stop,42,breakout,23.929957725042513
DOGEUSDT,1690315200000,1690315200000,1690855200000,1,68.0,0.08183636400000001,0.07572985100000001,0.0749,0.07598,,5.63,0.988432105150977,0.06795938047797975,0.0030606800136000006,0.0028322964274000006,0.009935713648000001,-0.4152428839999996,-0.4310715740889996,0.479666306564001,-0.8986905442179156,stop,37,breakout,23.501758683439114
AAVEUSDT,1690819200000,1690819200000,1691366400000,-1,0.12,68.4863,66.43078349999999,72.17,66.41,,8.64,0.951198611111111,75.86164037759258,0.0045200958,0.004384431711,-0.004980167736000001,0.24666198000000122,0.2427376202250012,0.4547030670000002,0.5338376576751814,stop,38,breakout,23.75563298122011
LINKUSDT,1691092800000,1691092800000,1691452800000,-1,1.3,7.196560400000001,7.3284654,7.537,7.399,,9.81,0.9536726320081551,7.877979669413966,0.005145540686000001,0.005239852761000001,-0.011926685939999999,-0.17147649999999848,-0.1699352075069985,0.45693670138999865,-0.37190098101127933,channel_exit,25,breakout,23.583426426459116
XRPUSDT,1691193600000,1691193600000,1691513100000,-1,9.2,0.6353729,0.6421284,0.6712,0.642,,8.45,0.6917669443786982,0.7070386395765976,0.003214986874,0.003249169704,-0.006313684000000001,-0.06215060000000023,-0.062301072578000216,0.33862467300999993,-0.18398267327720802,stop,22,breakout,23.519177208755114
AAVEUSDT,1691582400000,1691582400000,1691771400000,1,0.16,67.26344999999999,65.426912,64.43,65.48,,10.83,0.9937351800554015,61.59407589715373,0.0059191836,0.005757568256000001,0.004978128736000001,-0.29384607999999846,-0.31050096059199844,0.46915521399999754,-0.661829926059396,stop,13,breakout,23.19628440135812
LINKUSDT,1691582400000,1691582400000,1691771400000,1,1.3,7.636526999999999,7.43026365,7.295,7.435,,10.34,0.9601049419729205,6.953349557693906,0.005460116804999999,0.005312638509750001,0.0069317300000000005,-0.2681423549999994,-0.28584684031474944,0.458543338824999,-0.6233802044692696,stop,13,breakout,22.922829407848372
AAVEUSDT,1692115200000,1692115200000,1692324000000,-1,0.23,64.907016,56.5388055,66.74,56.52,,15.49,0.963758145900581,68.57476732946338,0.008210737524,0.007152158895750001,-0.008340521165000002,1.9246884149999992,1.9176660397452494,0.4442954302599991,4.316195731797292,stop,14,breakout,24.83900111770562
LINKUSDT,1692100800000,1692100800000,1692432900000,-1,1.6,7.280543600000001,6.2122422,7.552,6.207,,12.22,0.9532626644844518,7.823548824202783,0.0064068783680000015,0.0054667731360000015,-0.007946722752,1.7092822400000003,1.7053553112480002,0.4521292923199985,3.771831067386406,stop,23,breakout,26.545850758841624
WLDUSDT,1692950400000,1692950400000,1693329300000,-1,4.4,1.324735,1.301385225,1.4431,1.2735,,5.34,1.0915419475655432,1.561486231105805,0.0032058587000000005,0.0031493522445000003,-0.004110925852000001,0.10273901000000009,0.1004947249075001,0.5299398555000002,0.1896342082304471,stop,26,breakout,26.630831236637118
AVAXUSDT,1693281600000,1693281600000,1693402200000,1,0.9,10.522103999999999,10.44766005,10.136,10.458,,12.4,0.7637010967741934,9.74983247980645,0.00520844148,0.00517159172475,0.0015744667049999998,-0.06699955499999924,-0.07895405490974924,0.3614378201999996,-0.21844436441670786,stop,8,breakout,26.555071948406674
DOGEUSDT,1693324800000,1693324800000,1693500300000,1,84.0,0.06692338199999999,0.064042189,0.0642,0.0642,,11.18,0.5028232636851521,0.06147612399075294,0.0030918602484,0.0029587491318,0.0026792665368,-0.24202021199999918,-0.25075008791699915,0.23702486106599968,-1.0579062752711736,stop,12,breakout,26.309064542719973
HBARUSDT,1693209600000,1693209600000,1694145600000,-1,161.0,0.055428912000000004,0.050600118,0.05868,0.05111,,8.02,1.1127250413965089,0.06193838804884789,0.004908230157600001,0.0044806404489,-0.0012335975042999992,0.7774358340000007,0.7692805608978007,0.537203819124,1.4320087339517438,channel_exit,65,breakout,27.052696778370173
LINKUSDT,1693972800000,1693972800000,1694304000000,1,2.3,6.202240199999999,6.15201935,5.975,6.157,,12.41,1.1494885141015307,5.747428826623247,0.007845833852999999,0.00778230447775,0.006469557185,-0.11550795499999919,-0.1376056505157492,0.5436581993449995,-0.2531105953732267,stop,23,breakout,26.93157216642842
AVAXUSDT,1694131200000,1694131200000,1694304900000,1,1.2,10.087017000000001,9.75529855,9.774,9.783,,14.42,0.8394188904299584,9.460632131225037,0.006657431220000001,0.006438497042999999,-0.0017702258399999997,-0.3980621400000025,-0.4093878424230025,0.39349531530000253,-1.0403880974056412,stop,12,breakout,26.527071529385417
AVAXUSDT,1694318400000,1694318400000,1694354400000,-1,1.9,9.633073,9.6784353,9.899,9.672,,16.0,1.14392741875,10.16530028325,0.010066561285,0.0101139648885,0.006712808109999999,-0.08618837000000142,-0.11308170428350141,0.5330945040249991,-0.21212318534463545,stop,2,breakout,26.412285456589913
ADAUSDT,1693512000000,1693512000000,1694513700000,-1,44.0,0.25434912000000004,0.25185036,0.2662,0.2515,,9.87,1.133876522796353,0.2780715305566444,0.006155248704000002,0.006094778712,0.009957299792000007,0.10994544000000195,0.08773811279200194,0.538616840959998,0.16289522740436943,stop,69,breakout,26.501814806856917
XRPUSDT,1694419200000,1694419200000,1694590200000,-1,33.5,0.48510296,0.48864771,0.5004,0.4882,,14.57,1.1153705669183254,0.5157052823606068,0.008938022038000001,0.009003334056750002,0.00498351092,-0.11874912499999951,-0.1416739920147495,0.5372116018699976,-0.263721020770199,stop,11,breakout,26.371910825375164
LINKUSDT,1694822400000,1694822400000,1694970000000,1,2.1,6.3612720000000005,6.11902595,6.121,6.121,,12.07,1.1067664623032312,5.880359573284177,0.007347269160000001,0.007067474972250001,0.0009106822410000003,-0.5087167050000007,-0.5240421313732506,0.5242307784000001,-0.9996401450763245,stop,10,breakout,25.86159860097622
HBARUSDT,1694664000000,1694664000000,1694973600000,1,177.0,0.052490496,0.0495775825,0.04959,0.04959,,8.49,1.0943248282685512,0.04668842594759011,0.005109949785600001,0.004826377656375,-0.018839856759900006,-0.5155856894999993,-0.5066821601820742,0.5269389778439992,-0.9615575645119158,stop,21,breakout,25.341186533819844
XRPUSDT,1695096000000,1695096000000,1695586500000,1,22.5,0.50870172,0.503424295,0.4898,0.5036,,12.52,0.9142003753993612,0.4708938867504729,0.006295183785000001,0.006229875650624999,0.008267722964999998,-0.1187420625000013,-0.1395348449006263,0.4421384165250002,-0.3155908640495537,stop,34,breakout,25.187129920055213
LINKUSDT,1695009600000,1695009600000,1696262400000,1,1.6,6.616323,7.6614674,6.323,7.582,,10.42,1.0159421113243763,6.029327522172266,0.005822364240000001,0.006742091312000001,0.008580718496000004,1.6722310399999998,1.6510858659519998,0.4848439876000001,3.4053961855337227,channel_exit,87,breakout,26.83712325082321
ADAUSDT,1695974400000,1695974400000,1696379400000,1,63.0,0.2520504,0.254274135,0.245,0.2551,,15.62,1.0165925224071704,0.23794301647544175,0.00873354636,0.008810598777750001,0.013458587687999998,0.14009530500000028,0.10909257217425027,0.46766083140000075,0.23327284401318815,stop,28,breakout,26.961830127045463
AVAXUSDT,1696449600000,1696449600000,1696672800000,1,0.9,10.017003,10.5738848,9.469,10.583,,8.57,1.0519606417736291,8.920781114223747,0.004958416485000001,0.005234072976000001,0.0013248399600000002,0.5011936199999995,0.4896762905789995,0.5063557520250013,0.9670597966364599,stop,15,breakout,27.45150641762447
DOGEUSDT,1696852800000,1696852800000,1697285700000,-1,296.0,0.058688260000000006,0.059579413500000004,0.06046,0.05956,,14.61,1.1890297713894595,0.062232811977910335,0.009554448728,0.009699528517800001,0.009898386431199998,-0.26378143599999954,-0.2929337996769995,0.5508859537199983,-0.5317503517722482,stop,30,breakout,27.15326806413757
XRPUSDT,1696852800000,1696852800000,1697392800000,-1,28.9,0.49780042,0.48964790999999996,0.5161,0.4895,,12.64,1.1381670995253164,0.5344205722892532,0.0079125376759,0.007782953529449999,-0.009415733866,0.23560753900000164,0.22932778166065165,0.5508341536034994,0.4163281818318877,stop,37,breakout,27.387500326462124
ADAUSDT,1696852800000,1696852800000,1697433300000,-1,22.0,0.25074984,0.2505501,0.259,0.25,,13.54,0.40742219202363367,0.2672504943345288,0.003034073064,0.0030316562100000002,-0.0027624549260000003,0.004394280000000084,0.0010910056520000836,0.18991439236000013,0.005744723390589495,stop,40,breakout,27.388991405260125
DOGEUSDT,1697443200000,1697443200000,1697550300000,1,372.0,0.059991996,0.058918214000000003,0.0586,0.05922,,18.36,1.2155241019607843,0.05720739365930327,0.012274362381600002,0.012054666584400001,0.0019558322592000002,-0.39944690399999827,-0.4257317652251983,0.5509096788839999,-0.7727796071537905,stop,7,breakout,26.963259640034924
AVAXUSDT,1697688000000,1697688000000,1697771700000,-1,1.3,8.803239,9.214592549999999,9.197,9.197,,10.34,1.1067902030947776,9.590792596553674,0.006294315885,0.00658843367325,-0.0007856615649999999,-0.5347596149999992,-0.5468567029932492,0.5294395330249995,-1.032897373319924,stop,5,breakout,26.408829710199175
XRPUSDT,1697760000000,1697760000000,1698426000000,1,26.5,0.5196038999999999,0.5384172949999999,0.5002,0.5408,,12.46,1.1050965770465486,0.4807859440206019,0.007573226842499999,0.007847432074624999,0.030530946164000004,0.4985549675000003,0.4526033624188753,0.5344719525124978,0.8468234119512414,stop,46,breakout,26.83563497778455
ADAUSDT,1698955200000,1698955200000,1699371000000,1,18.0,0.3245649,0.33795739500000005,0.3017,0.3382,,6.71,0.8706659016393442,0.2788073195761475,0.00321319251,0.003345778210500001,0.011429704494,0.24106491000000108,0.2230762347855011,0.4200227761499994,0.5311050910863835,stop,28,breakout,26.99513119251405
LINKUSDT,1697889600000,1697889600000,1699545600000,1,1.4,8.0556108,13.66901565,7.703,13.779,,10.54,1.0700052296015181,7.349724528584631,0.006202820316,0.0105251420505,0.10881400437599997,7.85876679,7.7332248232575,0.5102016613399998,15.157192555874603,stop,115,breakout,34.82530735750355
ADAUSDT,1699732800000,1699732800000,1699886700000,1,21.0,0.39117822,0.36097778999999997,0.3613,0.3613,,6.21,1.3228248985507247,0.3313355428352512,0.004518108441000001,0.004169293474499999,0.014102732679000002,-0.6342090300000012,-0.6569991645945011,0.6392941519650003,-1.0276946262922646,stop,10,breakout,34.146898507132846
DOGEUSDT,1699689600000,1699689600000,1699986600000,1,106.0,0.078595716,0.071950607,0.07213,0.07213,,5.79,1.4388853015544039,0.0656540218764943,0.0045821302428,0.0041947203881,0.0208924550238,-0.7043815539999996,-0.7340508596546995,0.6973485904219996,-1.0526311657280178,stop,20,breakout,33.43425733325434
ADAUSDT,1700121600000,1700121600000,1700162100000,1,22.0,0.39687935999999996,0.365601865,0.3672,0.3672,,6.34,1.3771838990536276,0.3374749707091987,0.004802240256,0.004423782566500001,0.002418977682,-0.6881048899999985,-0.6997498905044984,0.6655532294399985,-1.051380805549202,stop,2,breakout,32.734507442749845
XRPUSDT,1700611200000,1700611200000,1700730900000,-1,16.8,0.57848428,0.617248425,0.6165,0.6165,,7.3,1.331306288219178,0.6545181141638082,0.0053451947472,0.0057033754470000005,-0.004048128,-0.6512376360000005,-0.6582380781942004,0.6537208979280016,-1.006909952367312,stop,8,breakout,32.070593723454635
UNIUSDT,1700668800000,1700668800000,1701009000000,1,1.3,5.7081414,5.95505875,5.227,5.968,,5.68,1.3064408133802818,4.744570953319014,0.004081321101000001,0.004257867006250001,0.00884026,0.3209925550000005,0.3038131068927505,0.6361455828649992,0.47758424341244654,stop,23,breakout,32.361370649279884
XRPUSDT,1701000000000,1701000000000,1701015300000,1,29.5,0.63042606,0.6083783,0.6095,0.6095,,13.9,1.337954587769784,0.5885705318272446,0.0102286628235,0.009870937917500001,0.0018366700000000003,-0.6504089199999992,-0.6723451907409992,0.644752134077499,-1.0427963789572872,stop,1,breakout,31.69827501136238
SANDUSDT,1700899200000,1700899200000,1701069300000,1,23.0,0.4365873,0.4076759485,0.40891,0.40891,,7.28,1.3793280082417583,0.3812225130479671,0.005522829345000001,0.005157100748525,0.004916710000000001,-0.6649610845000004,-0.6805577245935255,0.6511627284250003,-1.0451423198616179,stop,11,breakout,31.027179556113854
DOGEUSDT,1701072000000,1701072000000,1701114300000,1,149.0,0.08088617399999999,0.07681213449999999,0.07683,0.07683,,9.22,1.3071626817787416,0.07276440379614468,0.0066286219593,0.006294754422274999,0.001150131,-0.6070318855000002,-0.6211053928815753,0.6219947084444993,-0.9985702200503472,stop,2,breakout,30.40607416323228
DOGEUSDT,1701374400000,1701374400000,1701687600000,1,140.0,0.084156828,0.0843506265,0.07992,0.08441,,9.19,1.2820409053318824,0.07567685542731513,0.0064800757560000005,0.0064949982405,0.024883664764000002,0.027131789999999267,-0.010726948760500735,0.6103839869399997,-0.017574099239197744,stop,21,breakout,30.358798442846773
AVAXUSDT,1701403200000,1701403200000,1701687600000,1,0.4,22.384476,20.810587050000002,20.953,21.008,,7.39,1.2116089851150205,19.517740988212452,0.004924584720000001,0.004578329151000001,0.014348299760000002,-0.6295555799999989,-0.6534067936309989,0.5855916428000001,-1.1158062135360083,stop,19,breakout,29.724664533695773
DOGEUSDT,1701734400000,1701734400000,1701940500000,1,102.0,0.092008398,0.093301336,0.0863,0.09345,,7.56,1.2413831476190478,0.08057864258802698,0.0051616711278,0.0052342049496,0.0197392298016,0.13187967599999934,0.10174457012099933,0.5958971884470003,0.1707418193835774,stop,14,breakout,29.81095494404277
LINKUSDT,1701504000000,1701504000000,1701951300000,1,0.5,15.7651524,14.883022799999999,14.913,14.959,,8.66,0.9102281986143187,14.058993357671364,0.004335416910000001,0.00409283127,0.021591431850000002,-0.44106480000000037,-0.47108448003000036,0.4375805071499998,-1.0765664199674132,stop,31,breakout,29.36579731277277
ADAUSDT,1701864000000,1701864000000,1702260000000,1,17.0,0.43738746,0.54209156,0.4121,0.5544,,8.08,0.9202458935643565,0.3867763176668614,0.0040895727510000006,0.005068556086000001,0.040236349122,1.7799697000000003,1.7305752220410004,0.4407177851149997,3.9267197297005585,stop,27,breakout,31.075218763168767
SANDUSDT,1702195200000,1702195200000,1702260000000,1,9.0,0.58221642,0.513212337,0.53142,0.53142,,5.4,0.9703606999999999,0.4805409476754445,0.002881971279,0.0025404010681500003,0.0025343120250000003,-0.6210367469999994,-0.6289934313721495,0.46468482583499965,-1.3535915020291465,stop,4,breakout,30.451641615100616
UNIUSDT,1702008000000,1702008000000,1702260000000,1,1.0,6.4072812,6.2470003499999995,5.994,6.379,,7.33,0.8741174897680764,5.579616498931924,0.0035240046600000003,0.0034358501925,0.019016681839999997,-0.16028085000000036,-0.18625738669250036,0.4225821609000001,-0.4407601738223311,stop,17,breakout,30.287924914908118
AAVEUSDT,1702598400000,1702598400000,1702782000000,1,0.07,107.29145399999999,102.7319495,98.98,102.9,,6.13,1.2251878923327895,90.65246602851728,0.004130720979,0.00395518005575,0.011174903782,-0.31916531499999923,-0.33842611981674925,0.592631031334999,-0.5710570353604142,stop,12,breakout,29.949498795091372
XRPUSDT,1702900800000,1702900800000,1703077200000,-1,10.6,0.58968204,0.6199489650000001,0.6178,0.6178,,9.9,0.6313767296969697,0.6459731471022425,0.0034378462932000003,0.0036143024659500006,-0.0040863151898000005,-0.32082940500000057,-0.32379523856935055,0.307649858218,-1.0524797262864654,stop,12,breakout,29.627576968633615
UNIUSDT,1702900800000,1702900800000,1703082600000,-1,1.4,5.713857,6.11547285,6.114,6.114,,6.78,1.179852477876106,6.515183306661505,0.00439966989,0.0047089140945,-0.004961039999999999,-0.5622621899999997,-0.5664097339844997,0.5726194498499999,-0.9891555973742651,stop,12,breakout,29.060605864539117
DOGEUSDT,1702900800000,1702900800000,1703188800000,-1,88.0,0.088422312,0.09577165049999999,0.09505,0.09505,,6.33,1.2292517308056872,0.10167928205664643,0.004279639900800001,0.004635347884199999,-0.0158265195616,-0.6467417879999985,-0.6398302562233985,0.5953457165919994,-1.0747205168218001,stop,20,breakout,28.419463566314114
XRPUSDT,1703505600000,1703505600000,1703583900000,1,10.5,0.64282854,0.6161017550000001,0.6166,0.6166,,11.47,0.5884655335658239,0.5903519018669215,0.0037123348185000003,0.0035579876351250006,0.011351210682,-0.28063124249999916,-0.29925277563562414,0.28531766975249967,-1.048840669052192,stop,5,breakout,28.12021079067849
XRPUSDT,1705608000000,1705608000000,1705833900000,-1,12.0,0.54659066,0.554435865,0.5692,0.5542,,11.32,0.5794247279151943,0.5918424758299329,0.003607498356,0.003659276709,-0.005263199999999999,-0.0941424599999996,-0.0961460350649996,0.2813541959400004,-0.3417259683786732,stop,15,breakout,28.024064755613495
XRPUSDT,1706011200000,1706011200000,1706292000000,-1,10.7,0.50469904,0.5302310250000001,0.53,0.5279,,9.45,0.5714581722751322,0.5553052661481058,0.0029701538503999997,0.0031204095821250003,-0.0055038660000000005,-0.27319223950000093,-0.2737789369325259,0.2790237317960004,-0.9812030509744991,stop,19,breakout,27.750285818680975
AAVEUSDT,1706644800000,1706644800000,1706660100000,1,0.06,94.31886,90.2844395,90.34,90.34,,10.82,0.523025101663586,86.36104179527356,0.00311252238,0.0029793865035,0.0005581200000000001,-0.24206522999999974,-0.24871525888349974,0.24704124869999985,-1.006776237540528,stop,1,breakout,27.496615987137474
ADAUSDT,1706558400000,1706558400000,1706714100000,1,10.0,0.52070412,0.49612575500000006,0.4938,0.4968,,8.97,0.5804951170568562,0.4668462764603144,0.0028638726600000003,0.0027286916525000007,0.0026032,-0.24578364999999935,-0.2539794143124994,0.27664998089999976,-0.9180532508487862,stop,10,breakout,27.247591145484975
ADAUSDT,1707292800000,1707292800000,1707350400000,-1,12.0,0.48310336000000004,0.505576095,0.5048,0.5048,,10.21,0.5678002272282077,0.5265310635543506,0.0031884821760000005,0.0033368022270000007,-0.00118128,-0.2696728199999996,-0.27501682440299957,0.26925081023999986,-1.0214150299412659,stop,4,breakout,26.97257432108197
XRPUSDT,1707638400000,1707638400000,1707720300000,1,18.5,0.52850568,0.51414715,0.5143,0.5143,,16.86,0.5799142989323843,0.5000921676627901,0.005377545294,0.00523144725125,0.0019528599999999998,-0.26563280499999964,-0.27819465754524964,0.27727400880999997,-1.0033203571413019,stop,5,breakout,26.670340509425113
DOGEUSDT,1707408000000,1707408000000,1707720300000,1,123.0,0.08065612800000001,0.0796965575,0.07857,0.07982,,16.72,0.5933435253588517,0.07648147872992153,0.005456387059200001,0.005391472114875,0.009734387132400001,-0.1180271715000008,-0.1386094178064758,0.27128235430800085,-0.5109415175935305,stop,21,breakout,26.546921865810237
DOGEUSDT,1707940800000,1707940800000,1708180200000,1,73.0,0.086257248,0.0824610045,0.08268,0.08268,,10.98,0.5734771497267759,0.07909576748027979,0.0034632285072,0.0033108093306750005,0.0118363544149,-0.2771257754999993,-0.2957361677527743,0.27038841832799937,-1.0937456921473108,stop,16,breakout,26.219955012327556
DOGEUSDT,1708372800000,1708372800000,1708439400000,1,67.0,0.08921783999999999,0.0852304505,0.08527,0.08527,,10.35,0.5775454376811594,0.0813159624525797,0.003287677404,0.0031407421009250003,0.0037701742525,-0.2671550964999996,-0.27735369025742457,0.2732732939599996,-1.0149315589470744,stop,4,breakout,25.915362569093233
XRPUSDT,1707940800000,1707940800000,1708442100000,1,12.9,0.5391078,0.5430663649999999,0.519,0.5441,,12.47,0.5576977241379311,0.4988674665738814,0.0038249698410000007,0.003853055859675,0.030809080345799995,0.05106548849999889,0.012578382453523891,0.2696278129650001,0.046650908580995194,stop,34,breakout,25.96257500173356
ADAUSDT,1707379200000,1707379200000,1708508700000,1,10.0,0.52730544,0.58358326,0.5023,0.584,,9.71,0.5430540061791967,0.47724484817408036,0.0029001799200000004,0.0032097079300000006,0.032194725,0.5627782000000003,0.5244735871500004,0.25777644080000045,2.034606364810975,stop,78,breakout,26.51973235732356
XRPUSDT,1709064000000,1709064000000,1709141400000,1,9.3,0.5941188,0.550914795,0.5658,0.5658,,9.91,0.557548419778002,0.5374647163531181,0.003038917662,0.0028179291764250003,0.0072724381428,-0.4017972464999999,-0.4149265314812249,0.2714552736299998,-1.5285263238126656,stop,5,breakout,26.080618986165327
DOGEUSDT,1708977600000,1708977600000,1709450100000,1,70.0,0.088927782,0.119041187,0.08526,0.12078,,11.04,0.5638536902173913,0.0815885979277087,0.003423719607,0.004583085699500001,0.106953060564,2.107938350000001,1.9929784841295008,0.26588959855499966,7.495511275960087,stop,32,breakout,28.097784309971825
XRPUSDT,1711987200000,1711987200000,1712235600000,-1,9.5,0.59997998,0.61417281,0.6285,0.6128,,9.93,0.573998973816717,0.657071035723286,0.0031348953955,0.0032090529322500003,-0.0078667990355,-0.13483188500000043,-0.1333090342922504,0.2796931098574998,-0.4766260933641509,stop,17,breakout,27.964475275679572
LINKUSDT,1712577600000,1712577600000,1712648700000,1,0.3,18.612721800000003,17.69720985,17.707,17.707,,9.56,0.5840812280334728,16.800726606271763,0.003071099097000001,0.00292003962525,0.0024947776529999997,-0.27465358500000076,-0.28313950137525074,0.2798884774050006,-1.0116154262597452,stop,4,breakout,27.66735064138942
SANDUSDT,1712592000000,1712592000000,1712711700000,1,8.0,0.64892976,0.6154118930000001,0.61628,0.61628,,8.99,0.577468084538376,0.5835924584007031,0.0028552909440000005,0.0027078123292000006,0.0043275860319999995,-0.2681429359999994,-0.27803362530519937,0.26878933855999976,-1.0343923118183354,stop,8,breakout,27.38868279269992
XRPUSDT,1712606400000,1712606400000,1712752200000,1,10.1,0.62522502,0.5968056150000001,0.5987,0.5987,,11.06,0.570955940506329,0.5721647277217595,0.0034731249861,0.003315255191325,0.0062147197083,-0.2870359904999995,-0.30003909038572446,0.2771739340265001,-1.0824938912078157,stop,10,breakout,27.096448499305396
AAVEUSDT,1712606400000,1712606400000,1712828700000,1,0.04,128.885772,122.030589,122.15,122.15,,8.88,0.5805665405405405,115.40913895108649,0.0028354869840000003,0.0026846729580000004,0.006083330788000002,-0.27420731999999987,-0.28581081072999986,0.2769619531599999,-1.031949722584777,stop,15,breakout,26.8174522478834
XRPUSDT,1714363200000,1714363200000,1714590900000,-1,11.8,0.50319934,0.5202790350000001,0.5252,0.5198,,10.75,0.5523490429767443,0.5472158245932326,0.0032657637166000003,0.0033766109371500008,-0.0013745119080000004,-0.20154040100000073,-0.20680826374575073,0.26870912215900006,-0.7696361853446066,stop,15,breakout,26.61064398413765
SANDUSDT,1714982400000,1714982400000,1715051700000,1,11.0,0.4595919,0.43534791300000003,0.43638,0.43638,,8.96,0.5642311272321427,0.41314685570571436,0.002780530995,0.0026338548736500006,-7.781514400000006e-05,-0.26668385699999964,-0.27202042772464957,0.26272266817500006,-1.035390016454371,stop,4,breakout,26.331442045494597
XRPUSDT,1714766400000,1714766400000,1715118300000,1,10.4,0.53040606,0.528419295,0.5057,0.5286,,10.13,0.5445432402764067,0.4809898866833456,0.0030339226632000002,0.0030225583674,0.0052683962552,-0.020662356000000593,-0.031987233285800595,0.26502465126799973,-0.12069531318222275,stop,24,breakout,26.306636323127197
ADAUSDT,1715572800000,1715572800000,1715589000000,-1,13.0,0.42951407999999996,0.44903978999999994,0.4488,0.4488,,10.21,0.5468837453476982,0.4681244720673613,0.0030710256719999997,0.0032106344985,-0.000322725195,-0.25383422999999966,-0.2597931649754997,0.25928052228000015,-1.0019771739542624,stop,1,breakout,26.045903390996504
XRPUSDT,1715256000000,1715256000000,1715789700000,-1,10.4,0.51359726,0.5151280049999999,0.5382,0.5144,,9.86,0.5417253046653145,0.5628357668094341,0.0029377763272000006,0.0029465321885999997,-0.0061357522616,-0.01591974799999827,-0.015668304254198268,0.2640725146279995,-0.05933333984519479,stop,37,breakout,26.031897790997505
LINKUSDT,1715472000000,1715472000000,1715802300000,-1,0.4,13.2933408,13.8797754,13.918,13.874,,9.87,0.5387372158054712,14.543807118713678,0.002924534976,0.003053550588,-0.0036474720760000003,-0.2345738400000002,-0.2369044534880002,0.25802708224000004,-0.9181379389766811,stop,22,breakout,25.794270400409506
XRPUSDT,1715961600000,1715961600000,1716137100000,1,14.7,0.52520502,0.508573265,0.5084,0.5087,,14.37,0.5372660956158665,0.49157119387352616,0.004246282586700001,0.004111814847525,0.004589046,-0.24448679850000038,-0.25743394193422536,0.25842928934550086,-0.9961484729002803,stop,12,breakout,25.53023411719128
ADAUSDT,1715932800000,1715932800000,1716168600000,1,11.0,0.48049608,0.46170764,0.4592,0.4621,,10.34,0.5111660425531915,0.43789443321189164,0.002907001284,0.002793331222,0.00420904,-0.2066728400000002,-0.2165822125060002,0.24200937265999994,-0.8949331595114605,stop,16,breakout,25.32025424596928
ADAUSDT,1716249600000,1716249600000,1716381000000,1,10.0,0.50230044,0.47785441,0.4782,0.4782,,9.61,0.5226851612903226,0.4540754424129677,0.00276265242,0.002628199255,0.00236963016,-0.24446029999999952,-0.2522207818349995,0.24835815329999944,-1.0155526544374578,stop,9,breakout,25.06009807317578
XRPUSDT,1716235200000,1716235200000,1716411600000,1,14.1,0.5336067,0.524270125,0.5164,0.525,,14.27,0.527249787666433,0.4991746152228417,0.0041381199585,0.004065714819375,0.0045528899999999995,-0.1316457074999994,-0.14440243227787442,0.25371829085250025,-0.5691447462958953,stop,12,breakout,24.923631031856406
HBARUSDT,1716883200000,1716883200000,1717416000000,-1,49.0,0.10391921200000001,0.102740544,0.10879,0.10347,,9.9,0.514347614949495,0.11366268781401011,0.0028006227634000003,0.0027688576608000002,-0.0090687752834,0.05775473200000038,0.06125402685920038,0.24648567554099934,0.2485094792009999,channel_exit,37,breakout,24.98488505871561
ADAUSDT,1717761600000,1717761600000,1717783200000,1,13.0,0.48439686,0.45545889,0.4666,0.4666,,12.26,0.5136345171288743,0.4487859072515481,0.0034634375489999997,0.0032565310635,0.0006829689490000001,-0.37619360999999973,-0.38359654756149975,0.24063139938499964,-1.5941250748733842,stop,1,breakout,24.601434646881103
LINKUSDT,1717704000000,1717704000000,1718201700000,-1,0.3,17.2575478,16.0277049,17.967,16.019,,11.17,0.46349725514771706,18.67742142894239,0.002847495387,0.0026445713085,-0.009636141114,0.3689528700000004,0.3730969444185004,0.2207611832549993,1.6900477652701262,stop,34,breakout,24.9743854555726
XRPUSDT,1718395200000,1718395200000,1718478900000,-1,11.8,0.46880622,0.49119821999999996,0.4893,0.4893,,10.75,0.5145965949767443,0.5098142264092326,0.0030425523678,0.0031878764478000003,-0.0016577970804,-0.2642255999999996,-0.2687982317351996,0.25030584404700024,-1.0738791687369755,stop,5,breakout,24.705587223837405
XRPUSDT,1718640000000,1718640000000,1718674200000,1,10.2,0.50940186,0.480978785,0.4859,0.4859,,10.22,0.5084049874755381,0.462385414099908,0.0028577444346,0.00269829098385,0.0005144879999999999,-0.2899153649999996,-0.2959858884184496,0.24733303122899986,-1.1967099054569998,stop,2,breakout,24.409601335418955
XRPUSDT,1719921600000,1719921600000,1720010700000,1,20.0,0.48609719999999995,0.474180145,0.4745,0.4745,,18.77,0.5179511987213639,0.4628974795239318,0.0053470691999999995,0.0052159815949999995,0.0028986000000000003,-0.23834109999999908,-0.2518027507949991,0.2463529579999995,-1.0221218890134032,stop,6,breakout,24.152959428574952
ADAUSDT,1719864000000,1719864000000,1720056600000,1,13.0,0.40438086,0.39432111999999997,0.3864,0.3949,,10.31,0.5098885722599418,0.36841392805685064,0.002891323149,0.002819396008,0.0030047329000000003,-0.1307766200000005,-0.1394920720570005,0.24146129338499986,-0.5776995149056303,stop,13,breakout,24.01502573539195
XRPUSDT,1720036800000,1720036800000,1720196100000,-1,15.8,0.4624075,0.42661030499999997,0.477,0.4264,,14.56,0.5017883585164835,0.4915998952431319,0.004018321175000001,0.00370724355045,-0.00034268692680000017,0.565595681000001,0.5582128032013509,0.24169347887499928,2.309589839989234,stop,11,breakout,24.576519315768305
XRPUSDT,1720699200000,1720699200000,1721348100000,1,12.0,0.44968991999999997,0.55313935,0.4298,0.5543,,10.63,0.507646193791157,0.40988184957340357,0.002967953472,0.003650719710000001,0.008526082596,1.2413931600000008,1.2262484042220008,0.2465944492799994,4.97273319737071,stop,45,breakout,25.795050589030303
DOGEUSDT,1721001600000,1721001600000,1721753100000,1,44.0,0.115283052,0.1281168715,0.10975,0.12817,,9.61,0.5278308312174818,0.10421492531365723,0.0027898498584,0.0031004282903000003,0.011321176416,0.5646880580000004,0.5474766034353005,0.25088037871599983,2.182221687631665,stop,52,breakout,26.35024432342561
XRPUSDT,1724068800000,1724068800000,1724638500000,1,10.6,0.5849169599999999,0.5915566649999999,0.5609,0.5918,,11.4,0.5438701557894736,0.536854743864842,0.0034100658767999997,0.0034487753569499994,0.0052439025528,0.07038087299999995,0.05827812921344996,0.26368902083199974,0.22101082945952397,stop,39,breakout,26.395806823552054
DOGEUSDT,1724428800000,1724428800000,1724675400000,1,50.0,0.109881972,0.10697110150000001,0.10467,0.10702,,9.71,0.5658185993820802,0.09945014988695838,0.00302175423,0.002941705291250001,0.0019460363100000002,-0.1455435249999991,-0.15345302083124912,0.2686442989499998,-0.57121264598215,stop,17,breakout,26.246687720719805
ADAUSDT,1724184000000,1724184000000,1724675400000,1,16.0,0.34746948,0.37102577999999997,0.3318,0.3714,,10.17,0.5466579823008849,0.3161004854201947,0.003057731424,0.003265026864,0.005323979664,0.3769007999999996,0.3652540620479996,0.2588629137600002,1.410994169626932,stop,34,breakout,26.620323493855803
XRPUSDT,1724702400000,1724702400000,1725868800000,-1,10.3,0.58098378,0.531981375,0.606,0.5316,,10.9,0.5490030214678898,0.6310605842411834,0.0032912731137,0.003013674489375,-0.001459720841000001,0.5047247714999997,0.4998795447379247,0.2668365157005003,1.87335508944733,stop,81,breakout,27.12020303859373
ADAUSDT,1726099200000,1726099200000,1726401600000,1,15.0,0.35297058,0.34893019999999997,0.3354,0.3441,,9.29,0.5699202045209903,0.3178173128676006,0.002912007285,0.00287867415,0.0025783185750000003,-0.06060570000000015,-0.06897470001000015,0.27130286902500006,-0.25423505566999466,channel_exit,21,breakout,27.040148487738733
AVAXUSDT,1726329600000,1726329600000,1726430400000,1,0.2,25.470093,24.18741155,24.213,24.213,,9.43,0.5401928525980912,22.953786911259545,0.00280171023,0.0026606152705000003,0.0011063392400000001,-0.25653628999999967,-0.2631049547404996,0.25887106394999954,-1.0163552106824802,stop,7,breakout,26.780075534072235
LINKUSDT,1726228800000,1726228800000,1726434000000,1,0.5,10.927185,10.8938208,10.438,10.896,,10.33,0.5289053727008712,9.948596345848259,0.003004975875,0.0029958007200000004,0.00032559708999999997,-0.0166820999999997,-0.0230084736849997,0.2526044443749995,-0.0910849915642928,stop,14,breakout,26.760397633352234
XRPUSDT,1726156800000,1726156800000,1726448400000,1,11.0,0.55751148,0.563912195,0.5337,0.5643,,10.99,0.5580187697907187,0.5098766896421164,0.003372944454,0.0034116687797500003,0.0019126416319999997,0.07040786500000062,0.06171061013425064,0.27092877470999993,0.22777429307870747,stop,20,breakout,26.826825520292488
LINKUSDT,1726675200000,1726675200000,1726702200000,-1,0.5,10.3109374,10.8096615,10.807,10.807,,9.66,0.5336924120082815,11.303567927866563,0.002835507785,0.0029726569125,0.0,-0.24936205000000022,-0.25517021469750023,0.25595052652500005,-0.996951317748418,stop,1,breakout,26.571655305594987
DOGEUSDT,1726934400000,1726934400000,1727042400000,1,53.0,0.10924184399999999,0.10421165350000001,0.10441,0.10441,,10.36,0.5588627154440154,0.09957666130752045,0.0031843997525999998,0.0030377696995250005,0.0013911243052000001,-0.2666000964999987,-0.2742133902573237,0.26458039279899936,-1.0364085840088781,stop,7,breakout,26.293381031286664
XRPUSDT,1726948800000,1726948800000,1727311500000,1,11.1,0.59991996,0.5759097950000001,0.5768,0.5768,,12.1,0.550339798016529,0.553669353794529,0.0036625113558000004,0.003515929298475,0.0060657487461000005,-0.26651283149999966,-0.27975702090037463,0.26642774966700056,-1.0500295905739319,stop,25,breakout,26.007519701517882
ADAUSDT,1727164800000,1727164800000,1727660700000,1,15.0,0.36817362,0.388297325,0.3515,0.3886,,10.13,0.5451731786771964,0.3347925390625202,0.003037432365,0.0032034529312500006,0.009622436610000002,0.3018555750000007,0.2859922530937507,0.258200628225,1.1076357755587358,stop,34,breakout,26.284377988521438
DOGEUSDT,1727236800000,1727236800000,1727711100000,1,48.0,0.110602116,0.11751649200000001,0.10531,0.11777,,9.63,0.5512878056074766,0.10000730041697757,0.0029198958624,0.0031024353888000006,0.009167829379199998,0.33189004800000066,0.31669988736960064,0.261794404176,1.2097274896551595,stop,32,breakout,26.611801993132637
XRPUSDT,1727510400000,1727510400000,1727739000000,1,12.0,0.6075214800000001,0.6111777399999999,0.586,0.6123,,13.08,0.5573591559633029,0.5644466278837248,0.004009641768000001,0.004033773084,0.005306280000000001,0.04387511999999827,0.030525425147998272,0.2689994533200011,0.11347764752400928,stop,15,breakout,26.650902460048638
XRPUSDT,1728921600000,1728921600000,1729004400000,1,14.7,0.5492098200000001,0.53154367,0.5318,0.5318,,14.5,0.5567851278620689,0.5143813951906553,0.0044403613947,0.00429753057195,0.00160818,-0.2596924050000007,-0.2700384769666507,0.26784248726550025,-1.0081988101423716,stop,5,breakout,26.36828025989999
DOGEUSDT,1728921600000,1728921600000,1729004400000,1,46.0,0.11562312,0.11018045950000001,0.11005,0.11025,,9.57,0.5557642131661441,0.10447205539499686,0.002925264936,0.0027875656253500006,0.0010695000000000001,-0.25036238299999947,-0.25714471356134944,0.26414924264000006,-0.9734826834684631,stop,5,breakout,26.11513031127464
ADAUSDT,1728921600000,1728921600000,1729004400000,1,16.0,0.36317261999999995,0.34748049000000003,0.3476,0.3476,,10.65,0.5456114478873239,0.3319954440980422,0.0031959190559999995,0.0030578283120000003,0.0011579200000000002,-0.25107407999999865,-0.2584857473679986,0.2576911914399988,-1.0030833647186765,stop,5,breakout,25.860998402962643
LINKUSDT,1728921600000,1728921600000,1729674900000,1,0.5,11.260251599999998,11.382723,10.751,11.385,,10.23,0.5503544281524926,10.241179567795013,0.0030965691899999996,0.003130248825,0.014953699999999999,0.061235700000001,0.040055181985001,0.26288001934999944,0.1523705836755565,stop,52,breakout,25.90351678536044
XRPUSDT,1729598400000,1729598400000,1730000700000,-1,13.2,0.5337932200000001,0.5164032599999999,0.553,0.5162,,12.9,0.5462070158139535,0.5722099870088451,0.0038753387772000004,0.0037490876675999995,-0.009359545192799999,0.22954747200000195,0.23128259074800195,0.2642887488779997,0.8751132680822749,stop,27,breakout,26.13657129488564
ADAUSDT,1730260800000,1730260800000,1730397600000,1,14.0,0.35897177999999996,0.34113176,0.3416,0.3416,,9.53,0.5273457418677859,0.3241939498384438,0.002764082706,0.002626714552,0.0024731,-0.2497602799999994,-0.25762417725799935,0.25056092368999927,-1.0281897650438858,stop,9,breakout,25.878947117627646
XRPUSDT,1730606400000,1730606400000,1730793600000,-1,13.2,0.50169964,0.518678715,0.5205,0.5185,,12.42,0.5332073468599033,0.5393097029722351,0.0036423393863999998,0.0037656074708999994,-0.0032189880624,-0.22412378999999938,-0.22831274879489935,0.25828452843599947,-0.883958284986757,stop,13,breakout,25.650634368832744
XRPUSDT,1730865600000,1730865600000,1731272400000,1,10.8,0.53400678,0.56553687,0.511,0.5666,,10.9,0.5291076352293578,0.487979069922578,0.0031720002732000003,0.0033592890078000003,0.010285823890800003,0.34052497199999954,0.32370785882819947,0.25693777891800007,1.2598686740088487,stop,28,breakout,25.974342227660948
DOGEUSDT,1742832000000,1742832000000,1743136200000,1,29.0,0.18336666599999998,0.18433062649999998,0.17491,0.18478,,9.97,0.5333634216649948,0.16645092553492086,0.0029246983227,0.002940073492675,0.0015625206148,0.027954854499999987,0.02052756206982499,0.25303583148549924,0.08112511951099449,stop,21,breakout,25.99102172837078
XRPUSDT,1743033600000,1743033600000,1744034400000,-1,2.2,2.34723046,1.9378374900000002,2.4616,1.9307,,9.7,0.532361547628866,2.5761858525964847,0.0028401488566000004,0.0023447833629000004,0.008470854746200001,0.9006645339999998,0.8870087470342998,0.2595475582589995,3.4175191359310113,stop,69,breakout,26.881878536765075
UNIUSDT,1745222400000,1745222400000,1745281800000,1,1.0,5.4630924,5.1942109499999995,5.201,5.201,,9.68,0.5643690495867768,4.9383307703132235,0.00300470082,0.0028568160225,0.0008385146400000001,-0.2688814500000003,-0.2755814814825003,0.27009046930000025,-1.0203302700636983,stop,4,breakout,26.598459898415783
DOGEUSDT,1745222400000,1745222400000,1745803800000,1,33.0,0.161952384,0.17471005099999998,0.15399,0.17511,,9.4,0.5685562417021277,0.1460271236699234,0.0029394357696000003,0.0031709874256499997,0.008174975126999998,0.4210030109999991,0.40671761267774914,0.27057824600400054,1.5031423208787293,stop,40,breakout,27.000505786636335
XRPUSDT,1745827200000,1745827200000,1745998200000,1,2.2,2.3345668199999996,2.2155068100000004,2.217,2.217,,9.41,0.5458073330499469,2.0994294235555695,0.0028248258522000002,0.0026807632401000007,0.0004995231340000001,-0.2619320219999983,-0.26793713422629833,0.26615708925299897,-1.0066879487534797,stop,11,breakout,26.731139331730034
LINKUSDT,1745179200000,1745179200000,1746019800000,1,0.4,13.3986792,14.00144915,12.769,14.027,,9.87,0.5430062492401216,12.138304001099696,0.0029477094240000002,0.003080318813,0.010428626756000002,0.2411079799999996,0.2246513250069996,0.25972198376,0.8649684626411603,stop,58,breakout,26.969728858741036
XRPUSDT,1746460800000,1746460800000,1746692100000,-1,2.8,2.1132772600000003,2.207666445,2.2067,2.2067,,10.64,0.5561255947368421,2.3001648550415865,0.0032544469804,0.0033998063253,-0.0023375098152,-0.26428971799999945,-0.2686064614904995,0.27065562424599954,-0.9924288927628655,stop,16,breakout,26.701122397250536
XRPUSDT,1746720000000,1746720000000,1747349100000,1,2.6,2.24324856,2.378799145,2.1441,2.3798,,10.64,0.5481622421052632,2.044866957929053,0.0032078454408000006,0.00340168277735,0.0118735795724,0.3524315209999996,0.3339484132094496,0.26634158569200045,1.2538350417258168,stop,43,breakout,27.035070810459978
XRPUSDT,1747972800000,1747972800000,1748000700000,1,2.2,2.4736946399999997,2.3541040850000003,2.3561,2.3561,,9.93,0.5480491649546828,2.238310388454417,0.0029931705144,0.002848465942850001,0.000533742,-0.26309922099999866,-0.26947459945724866,0.26667736915599927,-1.0104891926529134,stop,1,breakout,26.76559621100273
XRPUSDT,1748448000000,1748448000000,1748952900000,-1,2.8,2.25134964,2.219368785,2.3416,2.2189,,11.66,0.5406328466552316,2.4319378090177253,0.0034670784456,0.0034178279289,-0.003995162998400001,0.08954639400000008,0.08665665062390009,0.2623462022440005,0.3303141035878357,stop,35,breakout,26.85225286162663
HBARUSDT,1749499200000,1749499200000,1749679200000,1,34.0,0.176025198,0.170945804,0.16857,0.17103,,10.87,0.5505847959521619,0.16110771021631876,0.0032916712026,0.0031966865348000005,0.003455624952,-0.17269939599999956,-0.18264337868939956,0.26226390954899986,-0.6964106460682328,stop,12,breakout,26.657026792010427
XRPUSDT,1749513600000,1749513600000,1749713400000,1,2.9,2.3206640399999996,2.23185354,2.2329,2.2329,,12.31,0.5467039574329812,2.1450251194106267,0.0037014591437999995,0.0035598063962999998,0.003541425683,-0.25755044999999904,-0.268353141223099,0.26441971778699913,-1.0148756812427597,stop,13,breakout,26.39551200394113
SANDUSDT,1749513600000,1749513600000,1749726900000,1,19.0,0.29175834,0.27773444199999997,0.27802,0.27802,,9.54,0.58107006918239,0.2642537552668742,0.0030488746530000005,0.0029023249189,0.00282557455,-0.26645406200000066,-0.2752308361219007,0.2691478013450003,-1.0226010940698824,stop,14,breakout,26.126025505592228
XRPUSDT,1750536000000,1750536000000,1750709700000,-1,3.0,2.06898612,2.095419,2.1512,2.0939,,11.76,0.527802581632653,2.233437440911551,0.003413827098,0.0034574413500000007,0.001183065195,-0.07929864000000064,-0.08735297364300065,0.2561370587699996,-0.34103996533137354,stop,12,breakout,26.038672531949217
XRPUSDT,1751313600000,1751313600000,1751334300000,1,2.7,2.31966384,2.22590473,2.2268,2.2268,,11.67,0.5366831506426736,2.133766437036936,0.0034447008024000004,0.0033054685240500002,0.000603504,-0.2531495970000004,-0.2605032703264504,0.2599389572760004,-1.0021709445031388,stop,1,breakout,25.774478757426262
DOGEUSDT,1751241600000,1751241600000,1751354100000,1,33.0,0.16938387,0.16168015749999998,0.16193,0.16193,,10.4,0.5374680490384615,0.15446049957657693,0.0030743172405,0.002934494858625,0.000616186956,-0.2542225125000005,-0.26084751155512553,0.25417772828250007,-1.026240628231646,stop,7,breakout,25.517321750067637
DOGEUSDT,1751486400000,1751486400000,1751643000000,1,30.0,0.170904174,0.1625999735,0.16268,0.16268,,9.58,0.5351905240083508,0.1544402684670883,0.0028199188710000002,0.00268289956275,0.00198786072,-0.24912601499999992,-0.25661669415374994,0.254230863915,-1.0093845027390052,stop,10,breakout,25.260705055913885
XRPUSDT,1751904000000,1751904000000,1751933700000,1,2.9,2.33886768,2.2555487999999997,2.256,2.256,,13.08,0.5185562899082569,2.173035881862532,0.0037304939496,0.003597600336,-0.00010858122000000001,-0.24162475200000058,-0.24884426506560062,0.2503101092040003,-0.9941438875838409,stop,2,breakout,25.011860790848285
XRPUSDT,1752062400000,1752062400000,1752249600000,1,2.7,2.38137618,2.6974604000000006,2.2938,2.6981,,12.64,0.5086800384493672,2.206192803558494,0.0035363436273000005,0.004005728694000002,0.004745979,0.8534273940000013,0.8411393426787014,0.24592291776450032,3.42033735743242,stop,13,breakout,25.847445299703384
HBARUSDT,1752048000000,1752048000000,1753172100000,1,34.0,0.162752544,0.2600304835,0.15577,0.2601,,10.74,0.5152315173184357,0.14877863178757544,0.0030434725728,0.00486257004145,0.031534028555399995,3.307449943000001,3.2680098718303507,0.24552882087200023,13.310086613147703,stop,78,breakout,29.112055711757353
LINKUSDT,1753012800000,1753012800000,1753277400000,1,0.4,19.403879999999997,17.973404600000002,17.978,17.978,,6.48,1.1977703703703702,16.550132204074075,0.0042688536,0.0039541490120000005,0.007445233140000001,-0.5721901599999981,-0.587858395751998,0.5815665639999983,-1.0108187645945887,stop,18,breakout,28.533151609605355
SANDUSDT,1754726400000,1754726400000,1754947800000,1,17.0,0.29895978,0.2828709145,0.28337,0.28337,,8.7,0.5841742827586207,0.26775061257555177,0.002795273943,0.0026448430505750004,0.0029409066870000004,-0.2735107134999999,-0.28189173718057486,0.27245096469499996,-1.034651272004647,stop,15,breakout,28.251259872424782
XRPUSDT,1755504000000,1755504000000,1755872100000,-1,1.9,2.9618075200000002,3.03795747,3.1061,3.0366,,9.71,0.5795503901132852,3.2503960093762556,0.0030950888584,0.00317466555615,-0.0033156475369000003,-0.1446849049999992,-0.14763901187764922,0.2828024802159997,-0.5220569910309311,stop,25,breakout,28.103620860547128
NEARUSDT,1756699200000,1756699200000,1756864800000,-1,2.2,2.3415316,2.46474285,2.463,2.463,,9.0,0.5723743911111112,2.584725673677778,0.0028332532360000008,0.0029823388485,-0.0017780908200000002,-0.2710647499999995,-0.2751022512644995,0.27515795713999985,-0.9997975494654803,stop,11,breakout,27.83032833602413
XRPUSDT,1756497600000,1756497600000,1756915200000,-1,1.9,2.8118375199999996,2.87117412,2.9542,2.8896,,9.36,0.5707789837606837,3.0966418132169915,0.0029383702083999996,0.0030003769554,-0.0061333102418,-0.11273954000000076,-0.11254497692200076,0.27870531546600097,-0.4038135287582272,channel_exit,29,breakout,27.716291269076628
HBARUSDT,1756684800000,1756684800000,1757322900000,-1,23.0,0.21885622000000002,0.2235447,0.23047,0.22348,,8.81,0.5713613007945516,0.24211130809171968,0.002768531183,0.0028278404550000002,-0.0058008663446,-0.10783503999999988,-0.10763054529339987,0.2748678172949998,-0.3915720157878148,stop,44,breakout,27.59440718641343
XRPUSDT,1757260800000,1757260800000,1757860200000,1,2.8,2.89937976,3.00904807,2.8073,3.0098,,14.47,0.5610410040082929,2.7150995305221812,0.0044650448304,0.004633934027799999,0.016278242794800002,0.30707126799999995,0.28169404634699996,0.26980735549599955,1.044056214958071,stop,41,breakout,27.844195553670723
DOGEUSDT,1757260800000,1757260800000,1757861100000,1,28.0,0.223604712,0.27414516,0.21423,0.27422,,10.88,0.5754533029411765,0.20485282625512943,0.0034435125648000003,0.004221835464,0.014178691396800003,1.4151325439999995,1.3932885045743995,0.2716864649520002,5.1282956065572005,stop,41,breakout,29.255106262206723
NEARUSDT,1757390400000,1757390400000,1757921400000,1,2.4,2.620524,2.6692160499999997,2.512,2.671,,11.1,0.5665997837837838,2.403439555756757,0.0034590916800000004,0.0035233651859999993,0.01178208,0.11686091999999916,0.09809638313399917,0.2696961432000001,0.3637292768449168,stop,36,breakout,29.365965257020722
HYPEUSDT,1757304000000,1757304000000,1757944800000,1,0.11,48.7357452,52.33228145,46.31,52.38,,9.36,0.5727491423076922,43.88226896808462,0.0029485125846,0.0031661030277250002,0.0130933965173,0.39561898750000074,0.3764109753703757,0.2746732459789994,1.3703954821983457,stop,44,breakout,29.757832996493
LINKUSDT,1758124800000,1758124800000,1758147300000,-1,0.5,22.952408600000002,24.063811799999996,24.052,24.052,,9.7,1.183113845360825,25.152231328371652,0.006311912365000001,0.0066175482449999995,0.0,-0.5557015999999972,-0.5686310606099972,0.5674223532249989,-1.002130172310147,stop,1,breakout,29.189201935883002
XRPUSDT,1758513600000,1758513600000,1758609000000,-1,2.9,2.90181952,2.8780004850000003,2.9976,2.8769,,13.97,0.6023820048675733,3.0934323543769566,0.0046284021344,0.0045904107735750006,0.0014437687526,0.06907520149999948,0.05841261983942448,0.2905946294559992,0.20101066543719148,stop,6,breakout,29.238455380783424
SANDUSDT,1758513600000,1758513600000,1759104000000,-1,19.0,0.28324334,0.27025404,0.2977,0.27271,,8.87,0.6067219233370914,0.31218785557021533,0.0029598929030000003,0.002824154718,-0.006228335831000001,0.2467967000000007,0.2472409882100007,0.2829549825950002,0.8737820622296031,channel_exit,41,breakout,29.499404537544436
UNIUSDT,1758513600000,1758513600000,1759104000000,-1,0.7,8.7012594,7.746549,9.104,7.831,,10.01,0.6084796783216783,9.507431952666682,0.003349984869,0.002982421365,-0.007099329986,0.6682972799999998,0.6690642037519998,0.2912661811849997,2.2970885292276315,channel_exit,41,breakout,30.164719396179436
NEARUSDT,1759248000000,1759248000000,1759308300000,-1,3.3,2.589482,2.7743047499999998,2.772,2.772,,6.74,1.2678472700296735,2.9549043979332343,0.00469990983,0.00503536312125,-0.0005399819370000001,-0.6099150749999998,-0.6191103660142497,0.6155790679499998,-1.0057365466892982,stop,4,breakout,29.545078338980392
1000PEPEUSDT,1758499200000,1758499200000,1759308300000,-1,500.0,0.0104059184,0.0095664129,0.010946,0.009539,,8.74,0.5953042562929062,0.011486744473465814,0.0028616275600000006,0.0026307635475,-0.005896488635,0.4197527500000003,0.4201568475275002,0.2780477693999994,1.5110959114477294,stop,56,breakout,29.962200325432892
WLDUSDT,1759248000000,1759248000000,1759309200000,-1,6.6,1.21495696,1.3107621,1.3065,1.3065,,6.27,1.2789020631578947,1.3983421178644084,0.0044102937648,0.004758066423,-0.00164439,-0.6323139239999996,-0.6398378941877996,0.6166652759519994,-1.0375773035055795,stop,4,breakout,29.325128335009893
ADAUSDT,1759320000000,1759320000000,1759690800000,1,7.0,0.8361672,0.8315086650000001,0.7961,0.8334,,9.62,0.6084376715176716,0.7559786786003326,0.0032192437200000003,0.0032013083602500003,0.0060844863380000004,-0.03260974499999936,-0.045114783418249364,0.2890398027999998,-0.1560850200602524,stop,25,breakout,29.253174199813348
XRPUSDT,1759320000000,1759320000000,1759845600000,1,2.3,2.94388866,2.922990285,2.8227,2.9274,,11.37,0.5955095794195251,2.701310033619728,0.0037240191549,0.003697582710525,0.012414388000000002,-0.04806626249999954,-0.06790225236542453,0.28868128343849914,-0.2352152919532467,stop,36,breakout,29.19314636146782
UNIUSDT,1759334400000,1759334400000,1759849200000,1,0.7,7.9745946,7.8689259,7.575,7.897,,9.3,0.6002383032258063,7.174927120527419,0.0030702189209999998,0.0030295364715,0.005518928176999999,-0.07396808999999988,-0.08558677356949988,0.28787975716499964,-0.2973004229694602,stop,35,breakout,29.116148734996322
DOGEUSDT,1759320000000,1759320000000,1759879800000,1,22.0,0.24269853,0.246675655,0.23017,0.24703,,8.98,0.5945843719376391,0.2176256908056982,0.002936652213,0.0029847754255000005,0.0079921964474,0.08749674999999996,0.07358312591409995,0.2834299907449996,0.2596165836956269,stop,38,breakout,29.20010765157082
XRPUSDT,1759896000000,1759896000000,1760932800000,-1,2.3,2.84453098,2.4329865,2.9643,2.8477,,11.14,0.587290956373429,3.0840877271364047,0.0035983316897,0.0030777279225,0.028433816115800006,0.9465523039999997,0.9114424282719996,0.2854889794405002,3.1925660670273146,channel_exit,72,breakout,30.069580608105618
1000PEPEUSDT,1760112000000,1760112000000,1760932800000,-1,600.0,0.0087652466,0.007136427,0.009407,0.009407,,6.37,0.8256119246467818,0.010048793122781303,0.002892531378,0.00235502091,0.020318790372000003,0.9772917600000002,0.9517254173400002,0.3932295509700002,2.4202794906749214,channel_exit,57,breakout,31.04451734719562
HBARUSDT,1759996800000,1759996800000,1760932800000,-1,24.0,0.212217548,0.1745349,0.2237,0.22141,,8.66,0.5881317727482679,0.23518446130817783,0.0028012716336000003,0.00230386068,0.015956878353599997,0.9043835520000003,0.8833215413328003,0.2834253638640001,3.116593128047131,channel_exit,65,breakout,31.94659703851562
XRPUSDT,1761408000000,1761408000000,1761797700000,1,5.3,2.5970193,2.50869816,2.48,2.5171,,10.45,1.3171485444976077,2.3629141638135644,0.007570311259499999,0.0073128551364,0.008851977531999998,-0.46810204200000066,-0.49183718592790066,0.6403834417174996,-0.7680354517112437,stop,27,breakout,31.438559241794316
HYPEUSDT,1761393600000,1761393600000,1761840000000,1,0.18,41.138226,45.3619258,37.81,42.97,,5.91,1.2529408934010153,34.475695397383255,0.004072684374,0.0044908306542,0.008377594817399999,0.7602659639999997,0.7433248541543998,0.6097386905100001,1.2190875627929483,channel_exit,31,breakout,32.191586748172114
UNIUSDT,1761796800000,1761796800000,1762497000000,-1,1.5,6.1047788,5.40183015,6.537,5.4,,6.71,1.3647046497764532,6.970322253550969,0.005036442510000001,0.00445650987375,-0.006612391110000001,1.0544229749999996,1.0515424137262497,0.6625538011499998,1.5871049443850134,stop,48,breakout,33.24934769114836
ADAUSDT,1762142400000,1762142400000,1762532100000,-1,10.0,0.574885,0.554685915,0.6101,0.5534,,7.65,0.7514836601307189,0.6454055417630717,0.0031618675000000002,0.0030507725325,-0.00331309968,0.20199085000000006,0.19909130964750005,0.3610373875,0.551442361762326,stop,27,breakout,33.44871843011585
UNIUSDT,1762574400000,1762574400000,1762849800000,1,1.2,6.048209399999999,8.27359495,5.536,8.278,,5.66,1.282305879858657,5.023470684934452,0.0039918182039999995,0.005460572667,0.006769830216,2.6704626600000005,2.6542404389130003,0.6250770684599997,4.246261097775101,stop,19,breakout,36.09747395289866
XRPUSDT,1762747200000,1762747200000,1762963200000,1,2.6,2.4612921599999997,2.345705765,2.3028,2.3528,,7.44,0.8601289806451612,2.1441334927783227,0.0035196477888,0.0033543592439500003,0.0015789014956000002,-0.30052462699999943,-0.30897753552834945,0.4213695957119995,-0.733269648955715,stop,15,breakout,35.793981333500504
AVAXUSDT,1763064000000,1763064000000,1764004500000,-1,0.5,15.9648064,13.72199385,17.317,13.701,,5.66,1.4103185865724381,18.669698726744876,0.00439032176,0.0037735483087500002,0.009155316129999999,1.121406275,1.10408708880125,0.6885774773999999,1.6034318940697467,stop,65,breakout,36.90231419941775
1000PEPEUSDT,1763064000000,1763064000000,1764009000000,-1,1400.0,0.0053409316,0.004537907399999999,0.005832,0.004534,,5.14,1.454728451361868,0.006323676522592763,0.004112517332000001,0.0034941886979999994,-0.008358294448000002,1.1242338800000018,1.1249854684180018,0.6992273381800002,1.608898003539444,stop,65,breakout,38.02305389071975
AVAXUSDT,1764187200000,1764187200000,1764444600000,1,1.0,14.542907999999999,14.402368950000001,13.865,14.422,,9.95,1.4615987939698492,13.186745289030151,0.0079985994,0.007921302922500002,-0.020305592690000002,-0.14053904999999745,-0.13615335963249744,0.6992139309999986,-0.19472346530306434,stop,17,breakout,37.882519284732254
AAVEUSDT,1764187200000,1764187200000,1764504000000,1,0.05,187.527498,177.584476,174.85,175.45,,6.98,1.3433201862464184,162.17069063397165,0.005157006195,0.00488357309,0.00018112436000000014,-0.4971511000000007,-0.5073728036450006,0.6474640561750007,-0.7836308422159958,channel_exit,22,breakout,37.37952772744225
DOGEUSDT,1764561600000,1764561600000,1764687600000,-1,96.0,0.137052584,0.1434161775,0.14462,0.14286,,8.44,1.5588919507109007,0.1521877685187052,0.007236376435200001,0.007572374172,0.0032070076031999995,-0.6109049759999987,-0.6289207342103987,0.7467523620479994,-0.8422078940407466,stop,8,breakout,36.74222705340285
WLDUSDT,1764561600000,1764561600000,1764687600000,-1,17.0,0.5731853400000001,0.6208741499999999,0.6162,0.6162,,6.3,1.5466906000000002,0.659266405343,0.005359282929000001,0.0058051733025,0.0030206569,-0.8107097699999967,-0.8248948831314966,0.7464138830849979,-1.1051440786740587,stop,8,breakout,35.925712110100356
ADAUSDT,1764748800000,1764748800000,1764952200000,1,14.0,0.4425885,0.413242335,0.4147,0.4147,,7.45,0.8317099328859061,0.3867434850760067,0.0034079314500000003,0.0031819659795000003,0.00130358655,-0.4108463099999997,-0.41873979397949973,0.39944052924999973,-1.0483157399318912,stop,14,breakout,35.50005724628086
LINKUSDT,1764734400000,1764734400000,1764952200000,1,0.8,13.933786199999998,13.516296200000001,13.058,13.56,,7.52,1.4823176808510639,12.18190904888617,0.006130865928000001,0.005947170328000001,0.0007842039119999999,-0.33399199999999785,-0.3468542401679979,0.7168240317199989,-0.48387641153119687,stop,15,breakout,35.160118075952866
AAVEUSDT,1765310400000,1765310400000,1765418400000,1,0.03,204.83095799999998,190.881816,191.13,191.13,,7.05,0.8716210978723403,177.4258106161553,0.003379710807,0.003149549964,-7.610211300000003e-05,-0.4184742599999998,-0.4249274186579998,0.41993786155499957,-1.0118816557395522,stop,7,breakout,34.731743128442865
ADAUSDT,1765296000000,1765296000000,1765419300000,1,22.0,0.46689336,0.43546289,0.4359,0.4359,,7.1,1.44671181971831,0.4048922233789859,0.005649409656,0.0052691009690000006,-0.0016849487380000002,-0.6914703399999997,-0.7007039018869998,0.6967500104399993,-1.005674763383934,stop,8,breakout,34.03500368747387
HBARUSDT,1765555200000,1765555200000,1766235600000,-1,88.0,0.124295136,0.113737743,0.13183,0.11361,,7.78,1.4059089933161952,0.1393702348244113,0.0060158845824,0.005504906761200001,-0.0029901968624,0.9290505839999998,0.9205199895187999,0.6799722909760001,1.3537610307583696,stop,47,breakout,34.96052956716366
HYPEUSDT,1765123200000,1765123200000,1766390400000,-1,0.28,29.0461896,25.53585615,31.47,25.48,,5.74,1.4168872975609759,33.89591650240349,0.004473113198400001,0.003932521847100001,-0.0170672582388,0.9828933660000003,0.9915549891933002,0.6913753118159993,1.4341776054872926,stop,88,breakout,35.937169058884955
UNIUSDT,1766217600000,1766217600000,1766500200000,1,1.5,5.7281454,5.6913615,5.26,5.696,,5.85,1.4687552307692309,4.790504300303846,0.004725719955000001,0.004695373237500001,0.0011454040650000002,-0.05517584999999947,-0.06574234725749946,0.714579763575,-0.09200141203074995,stop,19,breakout,35.876445546427455
XRPUSDT,1766707200000,1766707200000,1766979000000,-1,3.5,1.83133366,1.90518096,1.901,1.901,,12.25,0.5232381885714286,1.9706663834931228,0.0035253172955000004,0.0036674733480000004,-0.0037368245985000006,-0.2584655499999998,-0.2619215160449998,0.2536295658574998,-1.0326931529432133,stop,18,breakout,35.60775569319216
DOGEUSDT,1766707200000,1766707200000,1766979000000,-1,123.0,0.12352529,0.1272379425,0.12931,0.12709,,9.83,1.5456368942014242,0.13509706502689367,0.0083564858685,0.008607646810125,-0.007347568516199999,-0.4566562575000013,-0.4662728216624263,0.7348433855025016,-0.6345199955002371,stop,18,breakout,35.14249178888203
AAVEUSDT,1766361600000,1766361600000,1766979000000,-1,0.05,165.02698800000002,156.8738685,178.05,156.7,,6.02,1.370656046511628,191.11164167683256,0.004538242170000001,0.00431403138375,-0.0038542335550000003,0.40765597500000156,0.4026579350012515,0.6640159870499998,0.6063979525404586,stop,42,breakout,35.54583373249829
AVAXUSDT,1766980800000,1766980800000,1767009600000,1,1.2,13.0856166,12.541991099999999,12.548,12.548,,11.18,1.4045384543828263,12.010038608364312,0.008636506956,0.008277714125999999,0.0015606,-0.6523506000000011,-0.6708254210820012,0.6682101749399997,-1.0039138077211056,stop,2,breakout,34.87386703941629
DOGEUSDT,1767211200000,1767211200000,1767281400000,-1,121.0,0.11717656,0.122634522,0.12218,0.12218,,10.7,1.325080725233645,0.12718436906583178,0.007798100068,0.0081613274391,-0.0007377450586,-0.6604134019999996,-0.6756350844484996,0.6271378478199997,-1.0773310633333353,stop,4,breakout,34.18418124638378
HYPEUSDT,1766793600000,1766793600000,1767281400000,1,0.44,25.775154,24.5445901,24.18,24.56,,7.63,1.4863784744429882,22.583890970038667,0.006237587268,0.0059397908042,0.009154255066,-0.541448116,-0.5627797491382001,0.7183529608200004,-0.7834306807837007,stop,33,breakout,33.63679333957958
AAVEUSDT,1767196800000,1767196800000,1767347100000,-1,0.1,147.290536,152.835561,153.55,152.78,,10.74,1.3714202607076351,159.81904979227633,0.008100979480000001,0.008405955855000001,-0.00455504666,-0.554502500000001,-0.5664543886750011,0.6485094402000009,-0.8734713075268512,stop,10,breakout,33.06379740466358
UNIUSDT,1767225600000,1767225600000,1767376800000,-1,0.9,5.6368724,5.9696937,5.968,5.968,,8.01,0.6333564494382022,6.299734463364669,0.002790251838,0.0029549983815,-0.000751129029,-0.29953917,-0.30453329119050004,0.30584812887000024,-0.9957010112033118,stop,10,breakout,32.760872258145085
HYPEUSDT,1767283200000,1767283200000,1767538800000,-1,0.42,24.306137800000002,25.88942685,25.87,25.87,,7.35,1.3889221600000001,27.436875824759525,0.0056147178318,0.00598045760235,-0.0053851566216,-0.664981400999999,-0.671191419812549,0.6726276074069996,-0.9978648102179644,stop,17,breakout,32.08759727955355
1000PEPEUSDT,1767297600000,1767297600000,1767873600000,1,2400.0,0.0046829364000000005,0.0062277542,0.004414,0.006084,,7.97,1.4101690539523213,0.0041447709398732,0.006181476048000001,0.008220635544000002,0.028642202111999998,3.7075627199999994,3.6645184062959992,0.6618218455200002,5.537016390591866,channel_exit,40,breakout,35.763446223465536
1000PEPEUSDT,1768176000000,1768176000000,1768334400000,-1,1500.0,0.0058068384,0.0061542305999999995,0.006256,0.006256,,6.05,1.439712,0.006705384254879999,0.004790641680000001,0.005077240245,-0.00399112452,-0.5210882999999991,-0.5269650574049991,0.6873130932000003,-0.7667030682502337,channel_exit,11,breakout,35.24448692805464
UNIUSDT,1767859200000,1767859200000,1768341600000,-1,1.6,5.608878000000001,5.7246447,6.054,5.704,,6.02,1.4907316943521598,6.499920943470101,0.00493581264,0.005037687336,-0.0046090928,-0.1852267199999986,-0.1905911271759986,0.7261906535999993,-0.2624532913377044,stop,33,breakout,35.04748675383465
HYPEUSDT,1768017600000,1768017600000,1768343400000,-1,0.39,24.4011188,25.4565903,26.17,25.41,,6.56,1.4506762701219513,27.943893432602437,0.0052340399826,0.005460438619350001,-0.0086307091767,-0.4116338849999998,-0.41369765442524986,0.704655720249001,-0.5870918840750535,stop,22,breakout,34.630392430215295
LINKUSDT,1768348800000,1768348800000,1768578300000,1,1.1,14.0548104,13.4478099,13.461,13.461,,10.89,1.4196778181818182,12.866091577052893,0.008503160292000001,0.0081359249895,0.003464493703000001,-0.6677005499999998,-0.6878041289844998,0.6758919835799987,-1.0176243330205013,stop,15,breakout,33.9401099363488
AAVEUSDT,1768334400000,1768334400000,1768780800000,1,0.07,174.954984,165.3344265,166.0,168.39,,9.05,1.353242970165746,157.03132919026078,0.0067357668840000015,0.006365375420250001,0.0045706942749999995,-0.6734390249999993,-0.6911108615792493,0.6447490166599997,-1.0719068098147995,stop,31,breakout,33.248438253577525
XRPUSDT,1768579200000,1768579200000,1768833900000,-1,3.7,2.0310937,1.9840217249999998,2.1262,1.9835,,10.08,0.7455403462301587,2.2213185208380164,0.0041332756795,0.0040374842103750004,-0.0034885600035,0.1741663075000006,0.1694841076136256,0.3634298000174995,0.4663462038761399,stop,17,breakout,33.41796968016254
UNIUSDT,1768579200000,1768579200000,1769023800000,-1,2.0,5.1619674,5.0235045,5.476,5.022,,7.75,1.3321206193548387,5.7906034460274185,0.005678164140000001,0.00552585495,-0.0040456120199999996,0.2769258000000008,0.26976739293000074,0.6440221511,0.41887905946904735,stop,30,breakout,33.68991813560004
HYPEUSDT,1768910400000,1768910400000,1769221800000,-1,0.45,22.7434504,23.10587025,24.24,23.09,,7.2,1.42146565,25.737372940155556,0.005629003974,0.005718702886875,0.000126705735,-0.1630889324999993,-0.17456334509587434,0.6893042345099992,-0.2532457169945647,stop,21,breakout,33.52041183147628
LINKUSDT,1769371200000,1769371200000,1769415300000,-1,1.3,11.4257144,11.923634250000001,11.911,11.911,,10.84,1.3702425018450184,12.396910664326938,0.008169385796,0.008525398488750002,-0.002329281344,-0.6472958050000008,-0.6616613079407508,0.653624576539999,-1.0122956383361452,stop,3,breakout,32.857637452418636
WLDUSDT,1768579200000,1768579200000,1769634000000,-1,15.1,0.54319134,0.492823545,0.5866,0.4695,,5.93,1.383168504890388,0.630147617280774,0.004511204078700001,0.004092899541224999,-0.0024515773214000007,0.7605537045000007,0.7544011782014757,0.6682656529254998,1.128894137980751,stop,73,breakout,33.60983316150161
HYPEUSDT,1769457600000,1769457600000,1769735700000,1,0.36,24.116822399999997,29.684811850000003,22.3,29.71,,6.33,1.3715728379146919,20.481744812636965,0.0047751308352,0.0058775927463,-0.0014208239951999995,2.004476202000002,1.995244302413702,0.6665886060479985,2.9932169321688527,stop,19,breakout,35.599609661613115
XRPUSDT,1769702400000,1769702400000,1770382800000,-1,2.9,1.7994400400000001,1.4074314300000001,1.8852,1.4064,,9.91,0.5265768028254288,1.9710313556488377,0.0028701068638,0.00224485313085,0.0020227407547999993,1.1368249689999999,1.1296872682505499,0.2567179760869996,4.400499277338134,stop,47,breakout,36.74202891056827
LINKUSDT,1769702400000,1769702400000,1770398100000,-1,1.2,11.018795800000001,8.87552475,11.604,8.858,,8.81,1.5008575437003406,12.189624150200286,0.007272405228000002,0.005857846335,-0.009605322444,2.571925260000001,2.568400330881001,0.7226055562199974,3.5543600637621595,stop,48,breakout,39.30897313378927
AAVEUSDT,1770998400000,1770998400000,1771444800000,1,0.07,116.66332799999999,121.57567999999999,106.88,119.25,,5.68,1.437752281690141,97.06314948054084,0.004491538128,0.00468066368,0.0015814000370000005,0.34386463999999994,0.3331110381549999,0.6965689847199997,0.47821686790849693,channel_exit,31,breakout,39.64332844294148
HBARUSDT,1771027200000,1771027200000,1771477200000,1,119.0,0.098759748,0.098950206,0.09226,0.09897,,7.2,1.632279168333333,0.08575912450633334,0.006463825506599999,0.0064762909827,-0.008146762491,0.02266450200000053,0.017871148001700532,0.790518524509,0.02260686808421157,stop,31,breakout,39.65995531994598
WLDUSDT,1771516800000,1771516800000,1771603200000,-1,33.3,0.37122574,0.39490396499999997,0.3945,0.3945,,7.46,1.657080045844504,0.417813923461874,0.0067989994281,0.007232666118974999,-0.0010075878701999998,-0.788484892499998,-0.801508970176873,0.7941568583564996,-1.0092577577628536,stop,6,breakout,38.83635845711711
SANDUSDT,1771516800000,1771516800000,1771603200000,-1,152.0,0.080163964,0.08531205900000001,0.08525,0.08525,,7.27,1.6760553683631365,0.09034491423482063,0.006701707390400001,0.007132088132400001,0.010215899525600002,-0.7825104400000008,-0.8065601350484007,0.7919346638960003,-1.0184680275017246,stop,6,breakout,38.0467159289847
DOGEUSDT,1771790400000,1771790400000,1772028000000,-1,169.0,0.09498100000000001,0.097714539,0.09933,0.09762,,10.03,1.6003777666999006,0.10368609387721835,0.008828483950000002,0.009082566400050002,0.0012361088415000002,-0.46196809099999886,-0.4811152501915489,0.7596099192499987,-0.6333714686961676,stop,16,breakout,37.556324390297675
HYPEUSDT,1771862400000,1771862400000,1772030700000,-1,0.35,26.5586872,28.49144715,28.53,28.48,,6.42,1.447903507788162,30.503003882909038,0.005112547286,0.005484603576375,0.0006423247004999998,-0.6764659824999991,-0.6877054580628741,0.7044202603899999,-0.9762715480132957,stop,11,breakout,36.8743738042213
AAVEUSDT,1771603200000,1771603200000,1772035200000,-1,0.08,117.506494,120.93418199999999,126.37,122.74,,6.29,1.4945182066772658,135.2420443067658,0.005170285736000001,0.005321104008,-0.001549688096,-0.27421503999999913,-0.28315674164799914,0.72371306964,-0.3912555314067371,channel_exit,30,breakout,36.5958462241733
UNIUSDT,1772035200000,1772035200000,1772124300000,1,2.3,3.9347868,3.7462505999999998,3.628,3.759,,6.12,1.478759745098039,3.3203749846921573,0.004977505302,0.0047390070089999995,-0.00031676717800000007,-0.4336332600000003,-0.44303300513300026,0.7186554472299994,-0.6164748445734822,stop,6,breakout,36.1540385338053
WLDUSDT,1772020800000,1772020800000,1772211600000,1,22.5,0.40068012000000003,0.389397105,0.3726,0.3896,,6.72,1.3415629017857145,0.3444809171688572,0.004958416485000001,0.004818789174375,8.105944500000004e-05,-0.2538678375000002,-0.2637261026043752,0.6448518020250009,-0.40897164554120374,stop,13,breakout,35.88761408482192
XRPUSDT,1772265600000,1772265600000,1772317800000,-1,4.3,1.30163962,1.38737742,1.3852,1.3852,,7.46,0.7502748479892761,1.468898042897204,0.0030783777013,0.0032811475983,0.0007823375279999999,-0.3686725399999999,-0.37581440282759987,0.36797469177449993,-1.0213050278411653,stop,3,breakout,35.511895574714316
1000PEPEUSDT,1772193600000,1772193600000,1772640000000,-1,2100.0,0.0037302538,0.0037297458,0.004068,0.003825,,5.21,1.5035571938579655,0.004406879238532841,0.004308443139,0.004307856399,0.004785684750000001,0.0010668000000004039,-0.012335184287999597,0.721549269734999,-0.01709541510939357,channel_exit,31,breakout,35.49540901050032
DOGEUSDT,1772654400000,1772654400000,1772721000000,1,54.0,0.102760548,0.094371122,0.09447,0.09447,,5.9,0.9405202698305083,0.08617072837750168,0.0030519882756,0.0028028223234000003,5.405873040000009e-05,-0.45302900399999957,-0.45893787332939956,0.4556774291939997,-1.0071551582907385,stop,4,breakout,35.03227023006872
WLDUSDT,1772640000000,1772640000000,1772726400000,1,17.4,0.43978794,0.4034193,0.4038,0.4038,,5.8,1.31936382,0.3677226199904483,0.0042087705858,0.003860722701,-0.0005466546342,-0.632814336,-0.6403371746526001,0.6371989786169999,-1.004924985979123,stop,6,breakout,34.395707910990815
HYPEUSDT,1772323200000,1772323200000,1772805600000,1,0.25,31.1982384,29.693560100000003,28.48,29.73,,5.5,1.4181017454545455,25.75201864658182,0.00428975778,0.00408286451375,0.007260153212499999,-0.3761695749999996,-0.3918023505062496,0.6907492697000002,-0.5672135573540507,stop,33,breakout,34.01392267147707
ADAUSDT,1772812800000,1772812800000,1773144000000,-1,34.0,0.25644870000000003,0.26415282,0.2757,0.2696,,6.32,1.3796290822784811,0.2949616139143671,0.0047955906900000005,0.004939657734,0.003204032874000002,-0.26194007999999935,-0.2748793612979994,0.668113991849999,-0.41142584147483874,channel_exit,23,breakout,33.69654070012006
1000PEPEUSDT,1772899200000,1772899200000,1773154800000,-1,2700.0,0.0032673464,0.0034679434499999997,0.003514,0.003463,,6.19,1.4251753279483037,0.003760718609534927,0.004852009404,0.00514989602325,0.033619964085,-0.541612034999999,-0.585233904512249,0.6796969464600003,-0.8610218238588034,stop,17,breakout,33.14977876909681
WLDUSDT,1773288000000,1773288000000,1773317700000,-1,28.7,0.34823034,0.3718993649999999,0.3711,0.3711,,7.14,1.3997494058823532,0.394024726895521,0.005496815916900001,0.005870431476524999,0.000848390655,-0.679301017499997,-0.691516655548422,0.6718428275684988,-1.0292833787496487,stop,2,breakout,32.4629548933859
1000PEPEUSDT,1773403200000,1773403200000,1773439200000,1,1900.0,0.0036047208,0.0033648269,0.003369,0.003369,,7.07,0.9687368486562942,0.0031328891051472137,0.003766933236,0.0035162441105,0.0006612,-0.45579841000000004,-0.46374278734650004,0.4578070721399997,-1.0129655384718155,stop,2,breakout,31.9983067313744
HBARUSDT,1773504000000,1773504000000,1773567000000,-1,74.0,0.092111574,0.096404277,0.09636,0.09636,,10.05,0.6782344752238806,0.10060909583476867,0.0037489410618000004,0.0039236540739,0.0032844178648,-0.31766002199999965,-0.32861703500049966,0.324843696357,-1.011615859214189,stop,4,breakout,31.6694842902489
XRPUSDT,1773633600000,1773633600000,1773833400000,1,5.3,1.46739342,1.483578225,1.4083,1.4842,,11.61,0.6698695198966409,1.3491469780288037,0.0042774518193,0.004324630525875,0.0014641487810999998,0.08577946649999983,0.07571323537372482,0.32462600734449976,0.2332321923097689,stop,13,breakout,31.734198064374613
LINKUSDT,1773374400000,1773374400000,1773837000000,1,0.7,9.2808558,9.363626900000002,8.812,9.371,,9.23,0.7038568862405199,8.342632167063543,0.0035731294829999998,0.003604996356500001,0.0036366710449999996,0.05793977000000154,0.04712497311550154,0.337697809295,0.13954776080390546,stop,32,breakout,31.788532838018114
HYPEUSDT,1773086400000,1773086400000,1774035000000,1,0.25,34.0978182,38.3878209,31.47,38.41,,6.19,1.3771332067851372,28.836494554809455,0.0046884500025000005,0.00527832537375,-0.002449766334999999,1.0725006750000006,1.0649836659587506,0.6692485159125,1.5913127046784374,stop,65,breakout,32.83506189642336
UNIUSDT,1773849600000,1773849600000,1774263600000,-1,2.8,3.669266,3.66698325,3.902,3.662,,7.45,1.3790529932885904,4.135182747674497,0.00565066964,0.005647154204999999,0.004635286936,0.0063917,-0.009541410781,0.6675548586000005,-0.014293073682379146,stop,28,breakout,32.833018773495866
DOGEUSDT,1774425600000,1774425600000,1774517400000,1,124.0,0.096779352,0.09140671500000001,0.09155,0.09155,,8.61,1.3938025142857144,0.08631808292645714,0.0066003518064000006,0.006233937963000001,0.0011612922399999999,-0.6662069879999982,-0.6802025700093981,0.6659542777359991,-1.0213953010735781,stop,6,breakout,32.13667072146948
LINKUSDT,1774440000000,1774440000000,1774517400000,1,0.7,9.4138824,8.9447107,8.951,8.951,,9.47,0.695851919746568,8.488058876333476,0.003624344724,0.0034437136195,0.000996034284,-0.3284201900000003,-0.3364842826275003,0.33365924325999985,-1.0084668398210659,stop,5,breakout,31.80480681784998
1000PEPEUSDT,1774425600000,1774425600000,1774607400000,1,2700.0,0.0035727144,0.0033208357,0.003336,0.003336,,6.98,1.381995541547278,0.0030985563363469344,0.005305480884,0.0049314410145,-0.0004031525250000001,-0.6800724899999997,-0.6899062593734997,0.65311902666,-1.0563254647497053,stop,12,breakout,31.110991052650476
WLDUSDT,1773907200000,1773907200000,1774835100000,-1,22.5,0.34363126,0.27903079499999994,0.3722,0.2788,,5.71,1.3540636339754817,0.4008738186814658,0.0042524368425,0.0034530060881249993,0.028754851432499996,1.453510462500001,1.417050168136876,0.6548763025124995,2.1638440155800702,stop,64,breakout,32.54265579016984
LINKUSDT,1774742400000,1774742400000,1774859400000,-1,1.5,8.428314,8.81051175,8.832,8.806,,9.7,1.3033475257731961,9.236107074015464,0.006953359050000001,0.007268672193750001,-0.0019584224850000003,-0.5732966249999993,-0.5855602337587494,0.6249468532500007,-0.9369760495849794,stop,8,breakout,31.963919617220085
HBARUSDT,1774944000000,1774944000000,1775016000000,-1,81.0,0.085472902,0.0893203605,0.08927,0.08927,,10.4,0.6657024098076922,0.09307177172973079,0.0038078177841,0.003979222060275,-0.00042631331130000004,-0.31164413849999983,-0.31900486503307485,0.3181805692964999,-1.0025906539120144,stop,5,breakout,31.648185673270014
AAVEUSDT,1774785600000,1774785600000,1775030400000,-1,0.06,95.700856,100.240044,100.96,100.96,,8.47,0.6779281416765052,106.22926647047508,0.003158128248,0.0033079214519999996,-0.00264648144,-0.27235127999999975,-0.2761708482599997,0.32439837851999953,-0.8513323941999096,channel_exit,17,breakout,31.373805791818015
XRPUSDT,1774540800000,1774540800000,1775435400000,-1,5.0,1.35932808,1.339092765,1.4213,1.3386,,10.33,0.6579516360116167,1.4833741363583235,0.00373815222,0.0036825051037500003,0.0011780730999999998,0.10117657500000043,0.09257784457625044,0.3202869552999998,0.2890465660380596,stop,62,breakout,31.46149077589227
AAVEUSDT,1775390400000,1775390400000,1775440800000,-1,0.08,91.921612,95.63162249999999,95.57,95.57,,11.43,0.6433708626421697,99.22377880642712,0.004044550928,0.00420779139,-0.0006428120000000001,-0.2968008399999997,-0.30441037031799967,0.3031205367199998,-1.0042551838023148,stop,3,breakout,31.160482144502268
1000PEPEUSDT,1775448000000,1775448000000,1775515500000,1,1500.0,0.0035377074000000003,0.00333808225,0.003345,0.003345,,8.36,0.6347561124401915,0.003151859471443206,0.0029186086050000007,0.00275391785625,0.0010461000000000001,-0.29943772500000065,-0.30615635146125064,0.2968041458250007,-1.0315096866664528,stop,4,breakout,30.850270544857015
ADAUSDT,1775448000000,1775448000000,1775520900000,1,24.0,0.25695138,0.244476095,0.2446,0.2446,,9.59,0.6430482919708029,0.2322261597768832,0.003391758216,0.003227084454,0.0018127199999999999,-0.29940684000000006,-0.30783840267000007,0.30546104483999986,-1.0077828511037978,stop,5,breakout,30.546876666770615
WLDUSDT,1775347200000,1775347200000,1775597400000,-1,20.2,0.25724853999999997,0.26497798499999997,0.2725,0.2648,,7.86,0.6611222020356233,0.28777788686595157,0.0028580312793999997,0.0029439054133499998,-0.0023727903134,-0.15613478900000002,-0.15956393537934999,0.316105182381001,-0.5047811433443311,stop,17,breakout,30.387686497432668
UNIUSDT,1775376000000,1775376000000,1775601000000,-1,1.9,3.0753848,3.2346467999999997,3.233,3.233,,9.11,0.6414084654226125,3.390671663054007,0.003213777116,0.003380205906,0.0016430107119999998,-0.3025977999999992,-0.31083479373399925,0.30845832833999987,-1.0077043320787886,stop,15,breakout,30.08170849152667
LINKUSDT,1775606400000,1775606400000,1775693700000,1,0.6,9.2838564,8.800489550000002,8.81,8.81,,9.14,0.6094435273522976,8.335425146646172,0.003063672612,0.0029041615515000008,2.647922400000002e-05,-0.2900201099999986,-0.2960144233874986,0.29245607537999935,-1.0121671194652933,stop,6,breakout,29.774751356356273
HBARUSDT,1775606400000,1775606400000,1775696400000,1,74.0,0.091828362,0.08787242199999999,0.08791,0.08791,,10.8,0.6291943322222222,0.0839914915133889,0.0037374143334000004,0.0035764075753999995,-0.000810310138,-0.29273956000000034,-0.2992430717708004,0.29993426709099963,-0.9976955106633764,stop,6,breakout,29.478435388780873
XRPUSDT,1775606400000,1775606400000,1775744100000,1,5.1,1.37847564,1.3210607349999999,1.3214,1.3214,,11.31,0.6215937899204244,1.2642450445234854,0.0038666241702000003,0.003705575361675,0.0014480026386,-0.29281601550000064,-0.30183621767047564,0.30141278832300045,-1.0014048154686173,stop,9,breakout,29.181562920959095
ADAUSDT,1776009600000,1776009600000,1776281400000,-1,23.0,0.23815236,0.25030004999999994,0.2502,0.2502,,9.15,0.5986343475409835,0.2622628138298688,0.0030126273540000002,0.0031662956324999994,-0.001166494266,-0.27939686999999847,-0.2844092987204984,0.2855197982099993,-0.9961106042506933,stop,18,breakout,28.891751216032393
HBARUSDT,1776009600000,1776009600000,1776344400000,-1,82.0,0.08545290600000001,0.088932783,0.0889,0.0889,,11.37,0.6162830511873352,0.09234901939719921,0.0038539260606000004,0.0040108685133000005,0.0003393172217999995,-0.28534991399999937,-0.29355402579569934,0.2933844117189998,-1.0005781291368063,stop,23,breakout,28.598471074527595
UNIUSDT,1776355200000,1776355200000,1776564900000,1,1.7,3.4016802,3.2953408,3.24,3.299,,9.77,0.591899318321392,3.078166311849181,0.0031805709869999997,0.0030811436479999997,0.0006941037270000001,-0.18077697999999995,-0.18773279836199994,0.2833244822549995,-0.6626070464077843,stop,14,breakout,28.410451518293293
XRPUSDT,1776283200000,1776283200000,1776582900000,1,5.7,1.3996798799999999,1.4137421950000002,1.3503,1.4144,,13.13,0.6076294985529321,1.300846436921205,0.0043879964238,0.004432081781325001,0.0042453150612,0.08015519550000186,0.06708980223367686,0.293221479986999,0.2288024814438953,stop,20,breakout,28.48617463201197
HYPEUSDT,1775606400000,1775606400000,1776620700000,1,0.13,38.6047194,41.959856349999995,36.48,42.05,,8.52,0.5890391457746479,34.35353326353733,0.0027602374371000003,0.0030001297290250003,-0.0025757091971,0.43616780349999934,0.4329831455309743,0.28353428214150045,1.527092746107118,stop,70,breakout,28.91899160358434
DOGEUSDT,1777262400000,1777262400000,1777302900000,1,87.0,0.10017003000000001,0.09686812249999999,0.09695,0.09695,,13.82,0.6305928082489146,0.09372820554323662,0.0047931359355,0.004635139661625,-0.0005674575174,-0.28726595250000175,-0.29612677057972675,0.2930046919575011,-1.0106553878075046,stop,2,breakout,28.612112515904514
1000PEPEUSDT,1777262400000,1777262400000,1777302900000,1,1400.0,0.0039947988,0.0037852428000000006,0.003794,0.003794,,9.0,0.6214131466666667,0.0035930773940066668,0.0030759950760000003,0.0029146369560000005,-0.0009128712319999999,-0.2933783999999995,-0.2984561607999995,0.2892965587400002,-1.031661635036009,stop,2,breakout,28.315819478948512
HYPEUSDT,1777233600000,1777233600000,1777343400000,1,0.18,41.973393,40.8663251,40.46,40.91,,12.6,0.5996199,38.94647843258334,0.004155365907,0.0040457661849,0.0025173287513999996,-0.19927222200000072,-0.20999068284330072,0.28353924805500014,-0.740605345763516,stop,7,breakout,28.097833250558814
DOGEUSDT,1777435200000,1777435200000,1777476600000,1,74.0,0.10132026,0.103644267,0.09767,0.10379,,12.48,0.6007771826923076,0.09401727751607693,0.004123734582,0.0042183216669,0.00044529060440000003,0.17197651800000022,0.16318917114670023,0.2811631994299991,0.5804072918416524,stop,2,breakout,28.25149585875771
XRPUSDT,1777305600000,1777305600000,1777757400000,-1,6.9,1.3872225,1.39607916,1.4263,1.3944,,16.15,0.5926832972136225,1.46541954515596,0.005264509387500001,0.0052981204122,-0.0029124144795000004,-0.06111095399999973,-0.06876116932019974,0.28419472893749914,-0.24195089605381764,stop,31,breakout,28.164208971564012
LINKUSDT,1777478400000,1777478400000,1777860000000,-1,0.6,9.092181199999999,9.272104050000001,9.401,9.262,,13.3,0.4101735879699247,9.709885532916541,0.0030004197959999997,0.003059794336500001,-0.0019831756080000004,-0.10795371000000138,-0.11203074852450139,0.19361321154000055,-0.5786317350629546,stop,26,breakout,28.04963767317141
AVAXUSDT,1777305600000,1777305600000,1777863600000,-1,0.7,9.128174000000001,9.3258648,9.485,9.321,,11.7,0.5461300683760685,9.842180550465812,0.00351434699,0.003590457948,-0.004401609799999999,-0.13838355999999885,-0.14108675513799884,0.25955011634999864,-0.543581937554387,stop,38,breakout,27.907663655223413
WLDUSDT,1777276800000,1777276800000,1778013900000,-1,21.9,0.2524495,0.24794958,0.2651,0.2479,,9.19,0.6015934766050054,0.2777610785377856,0.0030407542275,0.0029865526910999997,0.049435103432099996,0.09854824799999978,0.04308583764929979,0.28554670053750014,0.15088893539374457,stop,51,breakout,27.979638861356108
DOGEUSDT,1777867200000,1777867200000,1778161500000,1,53.0,0.112912578,0.1085207915,0.10783,0.10877,,10.19,0.5872783742885181,0.10274080020972041,0.0032914016487,0.0031633810722250006,0.0030807977906,-0.2327646844999997,-0.2423002650115247,0.2781511514755002,-0.8711100555442667,stop,20,breakout,27.741055998366782
XRPUSDT,1777867200000,1777867200000,1778164200000,1,7.9,1.41308256,1.3909717499999998,1.3796,1.3916,,18.88,0.5912792491525425,1.346079693631729,0.006139843723200001,0.0060437722537499995,0.002088407257100001,-0.17467539900000204,-0.18894742223405203,0.2810588681680013,-0.6722699179202195,stop,20,breakout,27.56033682711303
DOGEUSDT,1778212800000,1778212800000,1778453100000,-1,50.0,0.106358724,0.11191487850000001,0.11175,0.11175,,9.13,0.5824683680175246,0.11715190363215049,0.0029248649100000004,0.0030776591587500005,-0.0023405044349999998,-0.2778077250000004,-0.2814697446337504,0.27774287715,-1.0134184088607163,stop,16,breakout,27.26883472728727
LINKUSDT,1777896000000,1777896000000,1778587200000,1,0.8,9.422884199999999,10.2569482,9.108,10.166,,13.49,0.5588070689399555,8.792691274275056,0.004146069047999999,0.004513057208,0.008029482984,0.6672512000000013,0.6505625907600013,0.2630258905199984,2.473378531192684,channel_exit,48,breakout,27.922650084350064
AVAXUSDT,1778256000000,1778256000000,1778593500000,1,0.6,9.7789554,9.775044600000001,9.369,9.782,,10.97,0.5348562661804921,8.95842571634918,0.0032270552819999997,0.003225764718,0.002118715356,-0.0023464799999988626,-0.010918015355998864,0.25458981992999963,-0.04288472869418271,stop,23,breakout,27.917077839632064
AAVEUSDT,1778299200000,1778299200000,1778596200000,1,0.06,98.129622,94.746047,93.61,94.88,,9.98,0.5899576472945891,89.08693800219018,0.003238277526,0.0031266195510000006,0.0021931546319999998,-0.2030144999999996,-0.2115725517089996,0.2798056029899999,-0.7561412260803122,stop,20,breakout,27.710936720081065
HYPEUSDT,1778500800000,1778500800000,1778764500000,-1,0.14,41.4247134,41.10696975,43.39,41.05,,9.79,0.5923860956077632,45.35571348219116,0.003189702931800001,0.0031652366707500003,-0.0020709655008000006,0.04448411100000058,0.04020013689825058,0.2840456689069999,0.14152701941536244,stop,18,breakout,27.754369053888517
XRPUSDT,1778788800000,1778788800000,1778851800000,1,4.0,1.51670328,1.44601074,1.4493,1.4493,,10.58,0.5734227901701323,1.381765285661467,0.003336747216,0.003181223628,0.000613678076,-0.2827701600000001,-0.2899018089200001,0.2785111298399998,-1.0408984699697426,stop,4,breakout,27.464467244968517
HBARUSDT,1778918400000,1778918400000,1779451200000,-1,64.0,0.090941808,0.09077815199999999,0.0951,0.09246,,10.13,0.5745583131293188,0.09925995353464562,0.0032011516416000003,0.0031953909504,-0.0039980999424,0.010473984000000769,0.00807554135040077,0.2750542947840003,0.029359808239833085,channel_exit,37,breakout,27.47328383145152
XRPUSDT,1779220800000,1779220800000,1779804900000,-1,4.9,1.35632868,1.36492293,1.411,1.3645,,11.6,0.5729319424137932,1.4657259420328967,0.0036553057926000006,0.003678467296350001,-0.0038937090402000004,-0.04211182500000013,-0.04555188904875013,0.27805940089899983,-0.16382071205460177,stop,40,breakout,27.42587815042217
AAVEUSDT,1779480000000,1779480000000,1779804900000,-1,0.06,85.392918,88.447686,89.62,88.42,,9.34,0.5485626423982869,93.8482157167381,0.0028179662939999996,0.0029187736380000004,-0.0003342331859999998,-0.1832860800000006,-0.18868858674600059,0.2615005013100006,-0.7215610899434424,stop,22,breakout,27.239673296784172
HBARUSDT,1779940800000,1779940800000,1779975000000,-1,77.0,0.08278344,0.086637324,0.08626,0.08626,,10.95,0.5821301260273972,0.08974339156684931,0.003505878684,0.0036690906714,0.00026917141019999996,-0.2967490680000001,-0.3041932087656001,0.27745737866000025,-1.0963601337067421,stop,2,breakout,26.929910165991373
XRPUSDT,1779940800000,1779940800000,1779986700000,-1,5.6,1.2780443400000001,1.32671529,1.3258,1.3258,,12.45,0.5748633175903615,1.373605357768422,0.003936376567200001,0.0040862830932,0.0012022707759999998,-0.27255731999999994,-0.28178225043639993,0.2783678422279998,-1.012265814115136,stop,3,breakout,26.653569802382176
DOGEUSDT,1780416000000,1780416000000,1780870500000,-1,55.0,0.09478104,0.087542505,0.09964,0.08752,,9.04,0.5766545575221239,0.10450268094658406,0.00286712646,0.00264816077625,-0.00030860671600000007,0.39811942499999947,0.3929127444797495,0.27526266790000053,1.4274102168569032,stop,31,breakout,27.03746518290473
XRPUSDT,1780416000000,1780416000000,1780930800000,-1,4.7,1.2210557400000002,1.17983592,1.2774,1.178,,10.22,0.5615422679060665,1.3337559589208865,0.0031564290879000007,0.0030498758532,0.0033871780554000004,0.19373315400000113,0.18413967100350112,0.27362507848349965,0.6729634287326673,stop,35,breakout,27.22850914812543
ADAUSDT,1778918400000,1778918400000,1780934400000,-1,20.0,0.25514896,0.16913382,0.2682,0.175,,9.06,0.5632427373068433,0.28125714773734206,0.00280663856,0.00186047202,-0.0022747198799999997,1.7203027999999998,1.7179104092999997,0.26887103440000026,6.389347268788572,channel_exit,140,breakout,28.94728967610543
XRPUSDT,1781524800000,1781524800000,1781685000000,1,5.3,1.2322464,1.19766042,1.1793,1.1984,,10.93,0.5975211271729185,1.126345532204355,0.0035919982559999997,0.0034911801243000004,0.0003313408473,-0.1833056939999995,-0.1907202132275995,0.29020181693999975,-0.6571985497493683,stop,11,breakout,28.74665327701783
LINKUSDT,1781481600000,1781481600000,1781733600000,1,0.7,8.176635000000001,7.9489099,7.818,7.956,,10.52,0.5440726711026617,7.458668930746199,0.0031480044750000005,0.0030603303115000003,0.0030372100289999997,-0.15940757000000047,-0.16865311481550047,0.25944168337500095,-0.6500617503769689,stop,17,breakout,28.583201299218327
1000PEPEUSDT,1781481600000,1781481600000,1781755200000,1,1800.0,0.0029165832,0.00286117765,0.002764,0.002864,,8.68,0.604821400921659,0.0026113412633590786,0.002887417368,0.0028325658735,0.0012460734,-0.09972999000000017,-0.10669604664150018,0.28231854732000006,-0.3779278678441315,stop,19,breakout,28.481220301420827
LINKUSDT,1782216000000,1782216000000,1782944100000,-1,0.7,7.608478000000001,7.515002699999999,7.981,7.507,,9.5,0.5606246947368421,8.354208955552632,0.0029292640300000003,0.0028932760395,-0.0028440702150000006,0.06543271000000103,0.06245424014550103,0.26894987594999936,0.23221516620856125,stop,50,breakout,28.527312634071635
HBARUSDT,1782086400000,1782086400000,1782956700000,-1,87.0,0.078004396,0.0734771925,0.08116,0.07341,,11.34,0.5984464243386244,0.08431755866162786,0.0037325103486000005,0.0035158836611250003,0.0010716399870000005,0.3938667045000006,0.3855466705032756,0.28492302483899934,1.353160807980104,stop,60,breakout,28.91814103780811
XRPUSDT,1781856000000,1781856000000,1782984600000,-1,4.7,1.124775,1.07996595,1.1826,1.0792,,9.22,0.5733668655097615,1.24052544885846,0.0029075433750000005,0.0027917119807500004,0.0074095745057999995,0.2106025350000001,0.1974937051384501,0.2799109968750001,0.7055589360308159,stop,78,breakout,29.12548833676206
DOGEUSDT,1781798400000,1781798400000,1782999000000,-1,65.0,0.08193360999999999,0.07524754650000001,0.08614,0.07513,,9.03,0.5897768161683278,0.0903475339190127,0.0029291265575,0.0026900997873750008,-0.0017025461115,0.4345941274999986,0.4306774472666236,0.28160893848750024,1.5293457998164361,stop,83,breakout,29.550928770014284
HBARUSDT,1783209600000,1783209600000,1783341000000,1,71.0,0.077255448,0.0730628845,0.07311,0.07311,,8.72,0.6290294504587155,0.06895598027322937,0.0030168252444,0.0028531056397250003,0.0007347577213000003,-0.2976720085000007,-0.3042766971054257,0.3023337681060007,-1.006426437283525,stop,9,breakout,29.239610838487263
XRPUSDT,1782993600000,1782993600000,1783342800000,1,5.9,1.08381672,1.1112777,1.0351,1.1124,,10.47,0.6107467667621777,0.9863155016498683,0.0035169852564000004,0.0036060961365000006,-0.0012661417464000003,0.16201978200000047,0.15616284235350045,0.2968048544860003,0.5261465235261721,stop,24,breakout,29.398024524350763
AVAXUSDT,1783080000000,1783080000000,1783473300000,1,0.9,6.896379,6.62792415,6.58,6.631,,10.1,0.6145288217821782,6.263567945769802,0.003413707605,0.00328082245425,0.0033900786809999994,-0.24160936499999952,-0.25169397374024954,0.2938376558249996,-0.8565749445338297,stop,27,breakout,29.151138569595513
LINKUSDT,1782993600000,1782993600000,1783476000000,1,0.7,7.6535304,7.671215450000001,7.27,7.676,,9.3,0.5760721806451612,6.886058237335485,0.002946609204,0.0029534179482500005,0.0034993571830000004,0.01237953500000053,0.002980150664750528,0.27630613346000044,0.010785684079582514,stop,33,breakout,29.160564686647263
HYPEUSDT,1783929600000,1783929600000,1784085300000,-1,0.08,65.491899,67.418481,68.78,67.39,,9.28,0.5645853362068967,72.07439943483622,0.0028816435560000005,0.002966413164,-0.0023490549632000004,-0.1541265599999997,-0.1576255617567997,0.27110439393999985,-0.5814201661065109,stop,10,breakout,28.995640329376858
XRPUSDT,1784131200000,1784131200000,1784223900000,1,7.2,1.12602516,1.08663263,1.0874,1.0874,,13.48,0.6014377709198813,1.0487415758991276,0.0044590596336,0.004303065214800001,0.001173975552,-0.2836262159999999,-0.29356231640039987,0.29005364786400034,-1.0120966192366063,stop,6,breakout,28.70019821927666
LINKUSDT,1784044800000,1784044800000,1784293200000,1,0.8,8.294658599999998,8.0973802,7.94,8.12,,10.77,0.6161306295264624,7.584631587941922,0.003649649784,0.0035628472880000006,0.003024897616,-0.15782271999999864,-0.16806011468799864,0.2934676751599982,-0.5726699357821009,stop,17,breakout,28.538922059191865
AAVEUSDT,1784361600000,1784361600000,1784605500000,-1,0.06,87.93241,92.6160195,92.56,92.56,,8.82,0.5981796598639455,97.19421509723242,0.0029017695300000003,0.0030563286435,0.00010542978599999993,-0.2810165699999993,-0.28708009795949924,0.2857775584499999,-1.0045578789201084,stop,16,breakout,28.25362986225437
HBARUSDT,1783771200000,1783771200000,1784620800000,-1,82.0,0.06858628,0.06743348399999999,0.07203,0.06802,,9.28,0.6060425603448276,0.07547979240103449,0.003093241228,0.0030412501283999995,-0.0026024390266,0.09452927200000094,0.09099721967020094,0.2910329412199998,0.3126698279883501,channel_exit,59,breakout,28.345233815512774
XRPUSDT,1784620800000,1784620800000,1784812500000,1,8.0,1.13592714,1.110902775,1.1023,1.1113,,15.44,0.5885632849740933,1.0686611250052382,0.004998079416,0.00488797221,0.002084821112,-0.2001949199999995,-0.21216579273799951,0.2824464828399991,-0.7511716577408671,stop,13,breakout,28.124711835112777
LINKUSDT,1784620800000,1784620800000,1784818800000,1,0.8,8.7357468,8.42156535,8.427,8.427,,12.83,0.5447075167575993,8.118196568353001,0.003843728592,0.0037054887540000003,0.0011623562159999998,-0.2513451599999996,-0.26005673356199965,0.2572950880799998,-1.010733378171375,stop,13,breakout,27.869661186358776
AVAXUSDT,1784836800000,1784836800000,1784988000000,-1,0.9,6.2777442,6.52355445,6.565,6.511,,10.12,0.5582974090909092,6.852561009095455,0.003107483379,0.0032291594527500004,4.564752299999992e-05,-0.22122922499999992,-0.2276115153547499,0.26719907233500045,-0.851842460999948,stop,10,breakout,27.635562053115727
DOGEUSDT,1784822400000,1784822400000,1784995200000,-1,97.0,0.06969605799999999,0.07185936899999999,0.07247,0.07184,,11.4,0.5930278619298245,0.0752486940313456,0.0037182846943,0.00383369733615,0.0002841265412,-0.2098411670000001,-0.2176772755716501,0.27941495471950145,-0.7790466182820155,stop,12,breakout,27.42267608278638
1000PEPEUSDT,1784966400000,1784966400000,1784998800000,-1,2100.0,0.0026714656,0.0027975594,0.002797,0.002797,,9.56,0.5868282175732217,0.0029227236462882004,0.0030855427679999997,0.003231181107,-0.000416978436,-0.2647969800000003,-0.27069672543900025,0.27223507332000035,-0.9943491929153748,stop,2,breakout,27.15464792167938
LINKUSDT,1785110400000,1785110400000,1785162600000,1,0.9,8.821764,8.539791699999999,8.545,8.545,,14.28,0.5559935294117647,8.267951200764706,0.00436677318,0.0042271968915,0.000595752318,-0.25377507000000127,-0.26296479238950127,0.26081016570000004,-1.008261283388699,stop,3,breakout,26.88042056112788
AVAXUSDT,1785009600000,1785009600000,1785192300000,1,0.9,6.710341799999999,6.438712000000001,6.424,6.44,,10.79,0.5597134031510658,6.137087996771038,0.003321619191,0.0031871624400000007,0.0029777543010000005,-0.24446681999999872,-0.2539533559319987,0.26657330071499896,-0.9526586317941398,stop,12,breakout,26.632254668101883
AAVEUSDT,1785110400000,1785110400000,1785355200000,1,0.05,101.440284,96.21075400000001,96.23,96.23,,9.02,0.5623075609756099,91.0107270666878,0.0027896078100000006,0.002645795735000001,0.0010346230550000001,-0.26147649999999983,-0.26794652659999985,0.2679268356500001,-1.0000734937579208,stop,17,breakout,26.35912935047879
XRPUSDT,1785196800000,1785196800000,1785424500000,-1,7.9,1.06518692,1.0951189799999999,1.0969,1.0949,,15.36,0.5478500434895833,1.1286232393648334,0.0046282371674000004,0.0047582919681,0.0004908474057,-0.23646327399999945,-0.2463406505411994,0.26334369700100047,-0.9354340101797217,stop,15,breakout,26.11898374218149
UNIUSDT,1784721600000,1784721600000,1785579300000,1,1.4,3.7827564,4.0641869999999995,3.59,4.066,,9.16,0.5781505414847161,3.397216711410917,0.002912722428,0.0031294239899999996,0.004343840172,0.39400283999999963,0.3836168534099996,0.27760035421999985,1.3819033282139874,stop,59,breakout,26.506825799902682
LINKUSDT,1785513600000,1785513600000,1785645000000,-1,0.7,8.1063784,8.376675,8.464,8.372,,10.47,0.5419737230181471,8.82185533234021,0.003120955684,0.003225019875,-0.001382982174,-0.18920762,-0.194170613385,0.2590345686599999,-0.7495934399391374,stop,9,breakout,26.31195991611898
AVAXUSDT,1785614400000,1785614400000,1785645900000,-1,0.9,6.123775,6.4452888,6.412,6.412,,9.86,0.5589652636916836,6.700450146462981,0.0030312686250000003,0.003190417956,0.000948364605,-0.28936241999999995,-0.29653247118599996,0.26786414812499976,-1.1070256070536997,stop,2,breakout,26.01940707816298
HYPEUSDT,1785196800000,1785196800000,1785838500000,-1,0.09,56.0767824,55.1705319,58.92,55.15,,9.2,0.5485772191304348,61.76552816238261,0.0027758007287999997,0.00273094132905,-0.006411528545400001,0.08156254499999989,0.0824673314875499,0.2636518668120002,0.3127887258479156,stop,44,breakout,26.10120154771123
HYPEUSDT,1785916800000,1785916800000,1786122900000,1,0.09,57.1144206,54.31238535,54.42,54.42,,9.84,0.5223879932926829,51.72418911276465,0.0028271638197000003,0.002688463074825,0.0015648648282,-0.2521831725000003,-0.2592636642227253,0.2500264273905001,-1.036945041884705,stop,14,breakout,25.835711691035808
AAVEUSDT,1786464000000,1786464000000,1786503600000,-1,0.07,86.372722,89.9254815,89.9,89.9,,11.14,0.5427370323159785,93.43080776384255,0.0033253497970000007,0.003462131037750001,-0.000494890893,-0.24869316500000055,-0.2549857549417506,0.2561637779050007,-0.9954012898588378,stop,2,breakout,25.57572907959936
DOGEUSDT,1786492800000,1786492800000,1786569300000,1,116.0,0.071854368,0.0694486075,0.06971,0.06971,,14.76,0.564709125203252,0.06756461354857886,0.0045843086784,0.004430821158499999,0.0005743119168,-0.27906821800000076,-0.2886576597537008,0.26106278801600086,-1.1057020494855383,stop,5,breakout,25.291497017281056
XRPUSDT,1785988800000,1785988800000,1787144400000,-1,8.3,1.04259144,1.0139777549999998,1.0725,1.0131,,15.89,0.5445883544367527,1.102418112259416,0.004759429923600001,0.0046288084515749995,-0.009465882806399999,0.23749358550000232,0.2375712299312273,0.26140749221399984,0.9088156881775251,stop,80,breakout,25.525260008444274
1000PEPEUSDT,1786924800000,1786924800000,1787151600000,-1,2600.0,0.0025674864,0.0026735346,0.002666,0.002666,,11.45,0.5830100122270743,0.002764634038567336,0.0036715055520000007,0.0038231544780000007,-0.004210452688,-0.2757253200000004,-0.2790095273420004,0.2663406584799998,-1.047566409628562,stop,15,breakout,25.245711533966272
LINKUSDT,1786435200000,1786435200000,1787374800000,1,0.9,8.4726942,10.9468102,8.203,11.015,,14.1,0.5408102680851063,7.93322093507766,0.004193983629,0.005418671049,0.010614396465,2.2267044000000005,2.2064773488570006,0.253980873585,8.687572877878763,stop,65,breakout,27.447144261238268
XRPUSDT,1787155200000,1787155200000,1787663700000,1,5.8,1.06781352,1.44856023,1.0364,1.4503,,15.53,0.3987970647778494,1.0049817704191295,0.0034063251288000006,0.0046209071337,0.013505386153199999,2.2083309179999997,2.1867982995843,0.19135174481200048,11.428159705221338,stop,35,breakout,29.633639651812572
HYPEUSDT,1786608000000,1786608000000,1788132600000,1,0.11,57.31146,79.2916385,55.08,79.4,,11.74,0.5369898296422487,52.84524236097956,0.0034673433300000003,0.00479714412925,0.022993460545000004,2.4178196350000007,2.386561686995751,0.25473289544999983,9.368879047913136,stop,105,breakout,32.03669350681932
XRPUSDT,1788134400000,1788134400000,1788445800000,-1,3.7,1.3562287000000002,1.41788352,1.4388,1.4168,,7.85,0.6392415528662422,1.5214696179761467,0.0027599254045000006,0.0028853929632000003,-0.0028535058674,-0.2281228339999992,-0.23091464650029922,0.31327001464249965,-0.73711059375988,stop,21,breakout,31.805079618879226
DOGEUSDT,1788134400000,1788134400000,1788445800000,-1,71.0,0.081963604,0.085702137,0.08636,0.08559,,8.67,0.6712129047289503,0.09075749987130632,0.0032006787362,0.0033466684498500003,-0.0023153722954000005,-0.26543584300000017,-0.26966781789065014,0.3211073479130007,-0.8398058146078695,stop,21,breakout,31.536297107429377
AVAXUSDT,1788134400000,1788134400000,1788446700000,-1,0.9,7.1075782,7.45023975,7.446,7.446,,9.75,0.6560841415384616,7.78503063753718,0.0035182512090000005,0.0036878686762500004,-0.003704316210000001,-0.3083953949999999,-0.3118971986752499,0.3144032852849999,-0.9920290699014856,stop,21,breakout,31.224213843753127
DOGEUSDT,1788451200000,1788451200000,1788525000000,1,68.0,0.08916782999999999,0.08454808700000001,0.08469,0.08469,,9.21,0.658350970684039,0.08020399910967588,0.003334876842,0.0031620984538000005,0.0008692956392,-0.31414252399999876,-0.3215087949349988,0.3133591893299992,-1.0260072334959267,stop,5,breakout,30.890648671907726
XRPUSDT,1788451200000,1788451200000,1788533100000,1,3.7,1.46449284,1.38312332,1.3838,1.3838,,8.63,0.6278822141367322,1.3029228795493697,0.0029802429294,0.0028146559562,0.00107078,-0.3010672239999999,-0.30793290288559994,0.3064675206309999,-1.004781525466656,stop,5,breakout,30.586766791951526
HYPEUSDT,1788465600000,1788465600000,1788849000000,1,0.06,85.83716399999999,83.1708625,81.31,83.19,,8.87,0.5806347057497181,76.78223834317136,0.0028326264119999996,0.0027446384625,0.006506363808000001,-0.15997808999999932,-0.1720617186824993,0.27915146237999905,-0.6163740544847218,stop,26,breakout,30.407563525709623
LINKUSDT,1788739200000,1788739200000,1788867000000,1,0.4,13.2256446,12.469255650000001,12.478,12.478,,8.31,0.6366134584837545,11.729996877140616,0.0029096418120000004,0.0027432362430000004,0.00048466066400000004,-0.30255557999999994,-0.3086931187189999,0.30676893338000044,-1.0062724256912154,stop,8,breakout,30.102068945821422
DOGEUSDT,1788638400000,1788638400000,1788984000000,1,56.0,0.09070813800000001,0.08693261000000001,0.0854,0.0854,,7.99,0.6357516555694619,0.08008563037573105,0.0027938106504000007,0.0026775243880000008,0.0026565163968,-0.211429568,-0.21955741943520002,0.30465226979600024,-0.720682040485761,channel_exit,24,breakout,29.886100478765822
AVAXUSDT,1788451200000,1788451200000,1789044300000,1,0.9,7.508501399999999,7.58623245,7.194,7.604,,10.98,0.6154509344262294,6.879103663565301,0.003716708193,0.0037551850627500004,0.004693439727,0.06995794500000052,0.057792612017250514,0.29297544844499934,0.19726093883972667,stop,41,breakout,29.952252501113072
AVAXUSDT,1789128000000,1789128000000,1789134300000,-1,0.7,7.3525292,7.751049899999999,7.739,7.739,,8.89,0.5789393070866141,8.126279516280878,0.0028307237420000003,0.0029841542114999995,0.0,-0.2789644899999992,-0.2847793679534992,0.2784526128299998,-1.0227211196160044,stop,0,breakout,29.66381143858257
XRPUSDT,1789056000000,1789056000000,1789135200000,-1,4.5,1.3556288200000002,1.423509645,1.42,1.42,,9.94,0.6137152605633803,1.4844862490630848,0.0033551813295000007,0.003523186371375,0.0003065132475,-0.30546371249999915,-0.31264859344837415,0.2990380572674988,-1.0455143947404002,stop,5,breakout,29.354824539711196
XRPUSDT,1789416000000,1789416000000,1789458300000,1,4.0,1.4637927,1.3929463549999999,1.3939,1.3939,,9.89,0.592029403437816,1.3239093986255461,0.0032203439400000002,0.003064481981,0.00056908,-0.28338538000000035,-0.29023928592100035,0.28814387810000014,-1.0072720886343904,stop,2,breakout,29.06458525379019
DOGEUSDT,1789488000000,1789488000000,1789701300000,-1,76.0,0.081603676,0.0839342835,0.08531,0.08389,,10.11,0.6134400965380812,0.08901834662580632,0.0034110336568,0.0035084530503,-0.00044441478800000007,-0.17712616999999986,-0.18360124191909988,0.2911947035319997,-0.6305102383118164,stop,14,breakout,28.880984011871092
DOGEUSDT,1789747200000,1789747200000,1790172000000,1,66.0,0.087507498,0.09390621500000002,0.08324,0.09399,,9.47,0.6098727421330516,0.07897143726597498,0.0031765221774000003,0.003408795604500001,0.0079637772192,0.42231532200000077,0.40776622699890075,0.29010686915100053,1.4055724643550531,stop,29,breakout,29.27358529735499
HYPEUSDT,1790107200000,1790107200000,1790222400000,1,0.06,96.259248,91.2192525,91.27,91.27,,9.01,0.6410160799112098,86.27352621614652,0.003176555184,0.0030102353324999997,0.0004030979640000002,-0.3023997300000002,-0.3089896184805002,0.30779369616000024,-1.003885467231526,stop,8,breakout,28.96988588822149
AVAXUSDT,1789704000000,1789704000000,1790238600000,1,0.7,7.9445885999999994,10.133222949999999,7.563,10.141,,9.67,0.5750994850051706,7.18061617448547,0.003058666611,0.0039012908357499996,0.006989557323000002,1.5320440449999992,1.518094530230249,0.2752535040149998,5.515259599193045,stop,37,breakout,30.497855150619742
HYPEUSDT,1790568000000,1790568000000,1790803800000,-1,0.06,89.47210199999999,91.87337099999999,93.82,91.85,,9.57,0.5609536175548588,98.17265621974764,0.0029525793659999997,0.0030318212429999995,0.004061465322,-0.14407613999999994,-0.15412200593099992,0.26912202459,-0.5726844771095957,stop,16,breakout,30.343733144688745
